filename,link,author,book_url,cover_image_url,cover_url_final,created_at,download_status,extension,files_url_drive,filesize,id,language,publisher,source_type,title,updated_at,year
Sisi Gelap Cinta (Mira W.).pdf,https://drive.google.com/open?id=1TeuyowmIeTNDU1lPi47RaiYr2mn1NkVg,Mira W.,https://z-library.sk/book/23751373/d6fabd/sisi-gelap-cinta.html,https://s3proxy.cdn-zlib.sk/covers100/collections/userbooks/8f60c8f0d67dc28c5532ccbe79a6a712dd3ca1f619ef9b3cfcbc006ed092c84b.jpg,https://res.cloudinary.com/duwgvawwz/image/upload/v1752848195/book_covers/Sisi_Gelap_Cinta.jpg,2025-07-19T10:19:43,in_progress,pdf,,1.07 MB,23751373,indonesian,Gramedia Pustaka Utama,keyword,Sisi Gelap Cinta,2025-07-20T14:35:26,2015
CInta untuk Aya (Rustina Zahra).pdf,https://drive.google.com/open?id=1KKGFnpxck8j-OwzZReF7GFHMxdmgyi0P,Rustina Zahra,https://z-library.sk/book/23747321/d30074/cinta-untuk-aya.html,https://s3proxy.cdn-zlib.sk/covers100/collections/userbooks/e09012e527a3113b9cafa823e97bca71b5a3149640bb611f1b70f6b10bacb7c2.jpg,https://res.cloudinary.com/duwgvawwz/image/upload/v1752847823/book_covers/CInta_untuk_Aya.jpg,2025-07-19T10:19:43,in_progress,pdf,,1.79 MB,23747321,indonesian,Snowdrop Creative Partner,keyword,CInta untuk Aya,2025-07-20T14:27:27,2021
Celebrity Wedding (aliaZalea).pdf,https://drive.google.com/open?id=1iq0As_8hykSkpUjZsbLexUEPFIDs-ktd,aliaZalea,https://z-library.sk/book/23749326/d37c32/celebrity-wedding.html,https://s3proxy.cdn-zlib.sk/covers100/collections/userbooks/06fe7234c35169a59aac2e07a1be34caf1a4eb61df9a7ea06525caec965450c6.jpg,https://res.cloudinary.com/duwgvawwz/image/upload/v1752844932/book_covers/Celebrity_Wedding.jpg,2025-07-19T10:19:43,in_progress,pdf,,1.92 MB,23749326,indonesian,Gramedia Pustaka Utama,keyword,Celebrity Wedding,2025-07-20T14:35:26,2014
Cinta Kirana (Rustina Zahra).pdf,https://drive.google.com/open?id=1gT6svTFiPTZZR3g0nKDjGLjLOBWS5pjR,Gleoriud,https://z-library.sk/book/25407325/6ad4e5/sebening-cinta-kirana.html,https://s3proxy.cdn-zlib.sk/covers100/collections/userbooks/9861106ffcac8b05e22af0726637c3f4ee11c3f6120f98e4ee098f73eb3c4972.jpg,https://res.cloudinary.com/duwgvawwz/image/upload/v1752850220/book_covers/Sebening_Cinta_Kirana.jpg,2025-07-19T10:19:43,pending,pdf,,4.06 MB,25407325,indonesian,Batik Publisher,keyword,Sebening Cinta Kirana,2025-07-20T04:07:30,2019
Bagaimana Mengobati Patah Hati (How to Fix a Broken Heart) (Guy Winch).pdf,https://drive.google.com/open?id=1TQJ0MjAfQw3Fbyzb4ociCVwkD__onD68,Guy Winch,https://z-library.sk/book/23747290/dbcdc6/bagaimana-mengobati-patah-hati-how-to-fix-a-broken-heart.html,https://s3proxy.cdn-zlib.sk/covers100/collections/userbooks/58bec2faaa9a8734ee21b63aa2c02f0c5dec3cc483a4c1e62234dc2723abe06b.jpg,https://res.cloudinary.com/duwgvawwz/image/upload/v1752842222/book_covers/Bagaimana_Mengobati_Patah_Hati_How_to_Fix_a_Broken_Heart.jpg,2025-07-19T10:19:43,in_progress,pdf,,4.09 MB,23747290,indonesian,Gramedia Pustaka Utama,keyword,Bagaimana Mengobati Patah Hati (How to Fix a Broken Heart),2025-07-20T14:27:27,2019
Tercela (Flawed) (Cecelia Ahern).pdf,https://drive.google.com/open?id=1Eu-CJ57yhGeYdaKf4P6VH03ClA867smg,Cecelia Ahern,https://z-library.sk/book/23751136/3d2bc9/tercela-flawed.html,https://s3proxy.cdn-zlib.sk/covers100/collections/userbooks/d272b78a135476278d690b2c52cc2009b6f352d164b5aaca50b66f2ab3c73d41.jpg,https://res.cloudinary.com/duwgvawwz/image/upload/v1752841471/book_covers/Tercela_Flawed.jpg,2025-07-19T10:19:43,in_progress,pdf,,1.69 MB,23751136,indonesian,Gramedia Pustaka Utama,keyword,Tercela (Flawed),2025-07-20T14:35:26,2020
A Perfect Storm (Cinta di Tengah Badai) (Lori Foster).pdf,https://drive.google.com/open?id=1tnLNpnE1GU2b28MHs2s-EwuotxoA9Hiu,Lori Foster,https://z-library.sk/book/23749327/4fe23d/a-perfect-storm-cinta-di-tengah-badai.html,https://s3proxy.cdn-zlib.sk/covers100/collections/userbooks/499dd687c7c1386fd47dbdfabf888a1389fae4e69507322f41ccd3d35a45a0b9.jpg,https://res.cloudinary.com/duwgvawwz/image/upload/v1752843923/book_covers/A_Perfect_Storm_Cinta_di_Tengah_Badai.jpg,2025-07-19T10:19:43,in_progress,pdf,,2.49 MB,23749327,indonesian,Gramedia Pustaka Utama,keyword,A Perfect Storm (Cinta di Tengah Badai),2025-07-20T14:35:26,2014
Konflik Kepentingan (A Conflict of Interest) (Barbara Dunlop).pdf,https://drive.google.com/open?id=14X2hJe3qfOYDYvIAy75tSgxM8hJtWSyY,Barbara Dunlop,https://z-library.sk/book/23749310/7497d9/konflik-kepentingan-a-conflict-of-interest.html,https://s3proxy.cdn-zlib.sk/covers100/collections/userbooks/bf96ad8fea1892865d66907b8321011688ef89632e0274cf07b05286534beea1.jpg,https://res.cloudinary.com/duwgvawwz/image/upload/v1752841476/book_covers/Konflik_Kepentingan_A_Conflict_of_Interest.jpg,2025-07-19T10:19:43,in_progress,pdf,,1.20 MB,23749310,indonesian,Gramedia Pustaka Utama,keyword,Konflik Kepentingan (A Conflict of Interest),2025-07-20T14:35:26,2020
"Permohonan Rachel (Baby, oh Baby) (Teresa Soutwick).pdf",https://drive.google.com/open?id=1iNXnB25xeUFBJI_NQ3XyPz6xlaFygokZ,Teresa Soutwick,https://z-library.sk/book/23752683/f8ead7/permohonan-rachel-baby-oh-baby.html,https://s3proxy.cdn-zlib.sk/covers100/collections/userbooks/ad7831f8c80fadedb8ee9cb94b4c0e39027b715f07299d84df9e7daf5158db4e.jpg,https://res.cloudinary.com/duwgvawwz/image/upload/v1752842232/book_covers/Permohonan_Rachel_Baby_oh_Baby.jpg,2025-07-19T10:19:43,in_progress,pdf,,1.27 MB,23752683,indonesian,Gramedia Pustaka Utama,keyword,"Permohonan Rachel (Baby, oh Baby!)",2025-07-20T14:35:26,2019
Linguistik Cinta (Misnawati).pdf,https://drive.google.com/open?id=1tzFSE0j0FXN10V4ZD94qeXZzggTA3TFp,Misnawati,https://z-library.sk/book/28999712/d98383/linguistik-cinta.html,https://s3proxy.cdn-zlib.sk/covers100/collections/userbooks/646aaf855e29267378df5dcfdacb36aeddc3f650f9f57ef3c3e9f2f6401ab3cc.jpg,https://res.cloudinary.com/duwgvawwz/image/upload/v1752849812/book_covers/Linguistik_Cinta.jpg,2025-07-19T10:19:43,in_progress,pdf,,783 KB,28999712,indonesian,STIEPARI Press,keyword,Linguistik Cinta,2025-07-20T17:11:59,2023
Cinta Abadi adalah Cinta yang Tak Jadi (Ali Antoni Tim Kipdefayer (editor)).pdf,https://drive.google.com/open?id=1BtwZThJAVp34r0voPS0C7TQXqHOvHjeM,Ali Antoni & Tim Kipdefayer (editor),https://z-library.sk/book/28975109/9e765b/cinta-abadi-adalah-cinta-yang-tak-jadi.html,https://s3proxy.cdn-zlib.sk/covers100/collections/userbooks/85571b93f889b67954896109a9cd1146f417f93b338c06464a4bfcd53af0022a.jpg,https://res.cloudinary.com/duwgvawwz/image/upload/v1752847528/book_covers/Cinta_Abadi_adalah_Cinta_yang_Tak_Jadi.jpg,2025-07-19T10:19:43,in_progress,pdf,,1.28 MB,28975109,indonesian,Kipdefayer Publishing,keyword,Cinta Abadi adalah Cinta yang Tak Jadi,2025-07-20T17:11:59,2020
Sirah Nabawiyah (Belajar Meraih Cinta Sejati Kepada Sang Rasul ﷺ) Jilid 25 (Zainudin).pdf,https://drive.google.com/open?id=1Dk4vhPvXSbm-_nUXDq-2NSnwWTEHqHGL,Zainudin,https://z-library.sk/book/30246861/d8e511/sirah-nabawiyah-belajar-meraih-cinta-sejati-kepada-sang-rasul-%EF%B7%BA-jilid-60.html,https://s3proxy.cdn-zlib.sk/covers100/collections/userbooks/ddb0a211e8c0cfa221b57ee31048a2ae8ef3caf7d8a8d395f89a3b96fcd7ad59.jpg,https://res.cloudinary.com/duwgvawwz/image/upload/v1752849758/book_covers/Sirah_Nabawiyah_Belajar_Meraih_Cinta_Sejati_Kepada_Sang_Rasul__Jilid_60.jpg,2025-07-19T10:19:43,in_progress,pdf,,2.92 MB,30246861,indonesian,Maktabah Zainudin,keyword,Sirah Nabawiyah (Belajar Meraih Cinta Sejati Kepada Sang Rasul ?) Jilid 60,2025-07-20T17:18:15,2024
Sirah Nabawiyah (Belajar Meraih Cinta Sejati Kepada Sang Rasul ﷺ) Jilid 26 (Zainudin).pdf,https://drive.google.com/open?id=13Ne5JZ_3sScMnoCa8dv9pTeOH69rat66,Zainudin,https://z-library.sk/book/30246861/d8e511/sirah-nabawiyah-belajar-meraih-cinta-sejati-kepada-sang-rasul-%EF%B7%BA-jilid-60.html,https://s3proxy.cdn-zlib.sk/covers100/collections/userbooks/ddb0a211e8c0cfa221b57ee31048a2ae8ef3caf7d8a8d395f89a3b96fcd7ad59.jpg,https://res.cloudinary.com/duwgvawwz/image/upload/v1752849758/book_covers/Sirah_Nabawiyah_Belajar_Meraih_Cinta_Sejati_Kepada_Sang_Rasul__Jilid_60.jpg,2025-07-19T10:19:43,in_progress,pdf,,2.92 MB,30246861,indonesian,Maktabah Zainudin,keyword,Sirah Nabawiyah (Belajar Meraih Cinta Sejati Kepada Sang Rasul ?) Jilid 60,2025-07-20T17:18:15,2024
Remaja Memotret Cinta dan Duka (Rissa Churria (editor)).pdf,https://drive.google.com/open?id=1eDBZ-CBGCGSbAv2_2VKJalE9PLBgNykQ,Rissa Churria (editor),https://z-library.sk/book/28974643/f7796c/remaja-memotret-cinta-dan-duka.html,https://s3proxy.cdn-zlib.sk/covers100/collections/userbooks/6e6307b724cd1b5c80a61f6f4a663855aa18d3b605f06eb7b8bb0b7ff8aa3db9.jpg,https://res.cloudinary.com/duwgvawwz/image/upload/v1752850322/book_covers/Remaja_Memotret_Cinta_dan_Duka.jpg,2025-07-19T10:19:43,in_progress,pdf,,4.98 MB,28974643,indonesian,Cerah Budaya Indonesia,keyword,Remaja Memotret Cinta dan Duka,2025-07-20T17:11:59,2018
Sirah Nabawiyah (Belajar Meraih Cinta Sejati Kepada Sang Rasul ﷺ) Jilid 27 (Zainudin).pdf,https://drive.google.com/open?id=1Ls7Z1ZOwl11m316tO8FDIdv_NRrlhUiX,Zainudin,https://z-library.sk/book/30246861/d8e511/sirah-nabawiyah-belajar-meraih-cinta-sejati-kepada-sang-rasul-%EF%B7%BA-jilid-60.html,https://s3proxy.cdn-zlib.sk/covers100/collections/userbooks/ddb0a211e8c0cfa221b57ee31048a2ae8ef3caf7d8a8d395f89a3b96fcd7ad59.jpg,https://res.cloudinary.com/duwgvawwz/image/upload/v1752849758/book_covers/Sirah_Nabawiyah_Belajar_Meraih_Cinta_Sejati_Kepada_Sang_Rasul__Jilid_60.jpg,2025-07-19T10:19:43,in_progress,pdf,,2.92 MB,30246861,indonesian,Maktabah Zainudin,keyword,Sirah Nabawiyah (Belajar Meraih Cinta Sejati Kepada Sang Rasul ?) Jilid 60,2025-07-20T17:18:15,2024
Sirah Nabawiyah (Belajar Meraih Cinta Sejati Kepada Sang Rasul ﷺ) Jilid 28 (Zainudin).pdf,https://drive.google.com/open?id=1LO2chBo7TxVtPPiwD01_G0Tm0_j7-ylW,Zainudin,https://z-library.sk/book/30246861/d8e511/sirah-nabawiyah-belajar-meraih-cinta-sejati-kepada-sang-rasul-%EF%B7%BA-jilid-60.html,https://s3proxy.cdn-zlib.sk/covers100/collections/userbooks/ddb0a211e8c0cfa221b57ee31048a2ae8ef3caf7d8a8d395f89a3b96fcd7ad59.jpg,https://res.cloudinary.com/duwgvawwz/image/upload/v1752849758/book_covers/Sirah_Nabawiyah_Belajar_Meraih_Cinta_Sejati_Kepada_Sang_Rasul__Jilid_60.jpg,2025-07-19T10:19:43,in_progress,pdf,,2.92 MB,30246861,indonesian,Maktabah Zainudin,keyword,Sirah Nabawiyah (Belajar Meraih Cinta Sejati Kepada Sang Rasul ?) Jilid 60,2025-07-20T17:18:15,2024
Think and Grow Rich (Napoleon Hill).epub,https://drive.google.com/open?id=1mDltjEi3GCMdNL2jZ5Y4f6wkzCWdQTZx,Napoleon Hill,https://z-library.sk/book/23713888/3c4b08/think-and-grow-rich.html,https://s3proxy.cdn-zlib.sk/covers100/collections/userbooks/c2fc945790b101e4aa2d4cf3c67f9efb141d61a04301e3a2855df18057ddbe55.jpg,https://res.cloudinary.com/duwgvawwz/image/upload/v1752840392/book_covers/Think_and_Grow_Rich.jpg,2025-07-19T10:19:43,in_progress,pdf,,2.78 MB,23713888,indonesian,Gramedia Pustaka Utama,keyword,Think and Grow Rich,2025-07-20T13:57:25,2019
A Very Yuppy Wedding (Ika Natassa).pdf,https://drive.google.com/open?id=1Ark11DMBTnEdODupMcNLh8P1wFZQEkbx,Ika Natassa,https://z-library.sk/book/21524625/467370/a-very-yuppy-wedding.html,https://s3proxy.cdn-zlib.sk/covers100/collections/userbooks/7cdd739f23579a6016c1535070e0c11feb9eef26385e85657331a9061947b7cd.jpg,https://res.cloudinary.com/duwgvawwz/image/upload/v1752843953/book_covers/A_Very_Yuppy_Wedding.jpg,2025-07-19T10:19:43,in_progress,pdf,,1.68 MB,21524625,indonesian,PT. Gramedia Pustaka Utama,keyword,A Very Yuppy Wedding,2025-07-20T08:53:35,2018
Ada Cinta di Setiap Tulisan (Emak-Emak Buat Karya II).pdf,https://drive.google.com/open?id=1IGvTh58WYwOAfm0NlMuHzrpXiMGDXktS,Emak-Emak Buat Karya II,https://z-library.sk/book/18237030/30a178/ada-cinta-di-setiap-tulisan.html,https://s3proxy.cdn-zlib.sk/covers100/collections/userbooks/a86e6c6522789b76943db69b28cf76ddc49f9ceb2815c6d65f7f9e143c0a65a5.jpg,https://res.cloudinary.com/duwgvawwz/image/upload/v1752850154/book_covers/Ada_Cinta_di_Setiap_Tulisan.jpg,2025-07-19T10:19:43,in_progress,pdf,,3.29 MB,18237030,indonesian,Kyu Digital Books,keyword,Ada Cinta di Setiap Tulisan,2025-07-20T06:31:08,2019
25 Resep Jajanan Kaki Lima Nusantara (Nursaadah).pdf,https://drive.google.com/open?id=1Y21Ziv3mCVWdoaWCTt0wUz66q0UvOvDM,Nursaadah,https://z-library.sk/book/19229720/b3eba9/25-resep-jajanan-kaki-lima-nusantara.html,https://s3proxy.cdn-zlib.sk/covers100/collections/userbooks/36d726d463a0986ff67a944f2b431932ee4b2e418f418372a27fe3bf32c38b80.jpg,https://res.cloudinary.com/duwgvawwz/image/upload/v1752843673/book_covers/25_Resep_Jajanan_Kaki_Lima_Nusantara.jpg,2025-07-19T10:19:43,in_progress,pdf,,4.90 MB,19229720,indonesian,PT. Gramedia Pustaka Utama,keyword,25 Resep Jajanan Kaki Lima Nusantara,2025-07-20T06:31:13,2011
Abimanyu (Kamala Chandrakant).pdf,https://drive.google.com/open?id=1SEv6x1Q3WZCuCdVjcATE668DT_GqXvBX,Kamala Chandrakant,https://z-library.sk/book/21335089/54a69c/abimanyu.html,https://s3proxy.cdn-zlib.sk/covers100/collections/userbooks/fd034f1d02db134e3d0c6b433207e4f5bd06da94b4507d89380190b398f47dba.jpg,https://res.cloudinary.com/duwgvawwz/image/upload/v1752843978/book_covers/Abimanyu.jpg,2025-07-19T10:19:43,in_progress,pdf,,4.99 MB,21335089,indonesian,PT. Gramedia Pustaka Utama,keyword,Abimanyu,2025-07-20T08:46:21,1978
Allan (H.R. Haggard).pdf,https://drive.google.com/open?id=1z8hRgWfURqh-Y-ftLPzAyuLh4eKSfdYC,H.R. Haggard,https://z-library.sk/book/21425937/40cd3e/allan.html,https://s3proxy.cdn-zlib.sk/covers100/collections/userbooks/d5f596268332a2fff63665a1c8af6cc9ab1454796e2fd2e52b2aa73614e44b55.jpg,https://res.cloudinary.com/duwgvawwz/image/upload/v1752844064/book_covers/Allan.jpg,2025-07-19T10:19:43,in_progress,pdf,,7.61 MB,21425937,indonesian,PT. Gramedia Pustaka Utama,keyword,Allan,2025-07-20T08:47:57,1981
3 Perkara Pokok Agama Islam untuk Anak (Tim Penyusun).pdf,https://drive.google.com/open?id=184IR-oP8HQZGB1yfT5No_KzFRlybswZ-,Tim Penyusun,https://z-library.sk/book/18222785/9e0823/3-perkara-pokok-agama-islam-untuk-anak.html,https://s3proxy.cdn-zlib.sk/covers100/collections/userbooks/d9576a6a803888f02894d2588cb016e453ce696cd67f5dbff1ac32f9afca3c64.jpg,https://res.cloudinary.com/duwgvawwz/image/upload/v1752850145/book_covers/3_Perkara_Pokok_Agama_Islam_untuk_Anak.jpg,2025-07-19T10:19:43,in_progress,pdf,,7.04 MB,18222785,indonesian,Yayasan Cinta Sedekah,keyword,3 Perkara Pokok Agama Islam untuk Anak,2025-07-20T06:31:07,2020
After (Setelah Dirimu) (Anna Todd).pdf,https://drive.google.com/open?id=1yDvUxnJNuYL81LpuyxzZPVdaSS-4K0-W,Agnes Jessica,https://z-library.sk/book/5794565/0a37b3/after-tunangan.html,https://s3proxy.cdn-zlib.sk/covers100/collections/userbooks/26f0ff2eb5ae6882d61576ae5999d49ceb544579bc4b8151ac9ee84947240974.jpg,https://res.cloudinary.com/duwgvawwz/image/upload/v1752841643/book_covers/After_Tunangan.jpg,2025-07-19T10:19:43,in_progress,pdf,,2.47 MB,5794565,indonesian,PT. Gramedia Pustaka Utama,keyword,After Tunangan,2025-07-20T17:25:15,2020
Ami (Louisa May Alcott).pdf,https://drive.google.com/open?id=1hwB7C6wiG5xKezNqLV4OzNrN6nKYIt5Z,Unknown,,,,2025-07-20T14:08:42,uploaded,pdf,https://drive.google.com/open?id=1WVd8KhUJ3oGgF_llbHjW_PA7IrTpCYax,unknown,c486f2383f3c4eed5fb2837d8dc5321d,,,uploaded,A Week-Long Journey (Altami N,2025-07-20T14:08:42,
Anak Hutan (Kapten Marryat).pdf,https://drive.google.com/open?id=1C6cowGhxL7B9zKcJTrji9o2rcupW6qVQ,Kapten Marryat,https://z-library.sk/book/21438369/2554e4/anak-hutan.html,https://s3proxy.cdn-zlib.sk/covers100/collections/userbooks/71cd183b4d842ae76af28a1a0454864fc492af2c48a4723353dbf211f31d4b24.jpg,https://res.cloudinary.com/duwgvawwz/image/upload/v1752844114/book_covers/Anak_Hutan.jpg,2025-07-19T10:19:43,in_progress,pdf,,3.82 MB,21438369,indonesian,PT. Gramedia Pustaka Utama,keyword,Anak Hutan,2025-07-20T08:47:57,1981
Almond (Sohn Won-Pyung).pdf,https://drive.google.com/open?id=1Ufqmws6BvHiUnkn5ejsoy3cn91NnrjwG,Sohn Won-Pyung,https://z-library.sk/book/16351200/3f6260/almond.html,https://s3proxy.cdn-zlib.sk/covers100/collections/userbooks/2a2e11def7a5fb9c40e81baf0db56f5bea9e93a1855b49bd79d24de232111158.jpg,https://res.cloudinary.com/duwgvawwz/image/upload/v1752839159/book_covers/Almond.jpg,2025-07-19T10:19:43,in_progress,pdf,,2.72 MB,16351200,indonesian,Gramedia widiasarana indonesia,keyword,Almond,2025-07-20T06:28:07,2019
Animal Farm (Republik Hewan) (George Orwell).pdf,https://drive.google.com/open?id=13U3cZFbhuL5lhJE1w5ZOP56RkdTZwrTK,George Orwell,https://z-library.sk/book/118646540/db7da2/animal-farm-republik-hewan.html,https://s3proxy.cdn-zlib.sk/covers100/collections/userbooks/154434173b3d6d7e084d83776a82af3f5e7c2e19dccd04a6f784d1248389b22c.jpg,https://res.cloudinary.com/duwgvawwz/image/upload/v1752841084/book_covers/Animal_Farm_Republik_Hewan.jpg,2025-07-19T10:19:43,in_progress,pdf,,17.25 MB,118646540,indonesian,Gramedia Pustaka Utama,keyword,Animal Farm (Republik Hewan),2025-07-20T05:27:31,2021
Apa Jadinya Dunia Tanpa Islam (Graham E. Fuller).mobi,https://drive.google.com/open?id=1-Exy-3qZxWckgjmS1-HLjzNtJt0EzQon,Graham E. Fuller,https://z-library.sk/book/21466090/4b0585/apa-jadinya-dunia-tanpa-islam.html,https://s3proxy.cdn-zlib.sk/covers100/collections/userbooks/ee7ab483f932eb43b0958aa5452de6184f7dad8519844b9bd86014abbbc469e6.jpg,https://res.cloudinary.com/duwgvawwz/image/upload/v1752845439/book_covers/Apa_Jadinya_Dunia_Tanpa_Islam.jpg,2025-07-19T10:19:43,in_progress,mobi,,2.61 MB,21466090,indonesian,Mizan Publishing,keyword,Apa Jadinya Dunia Tanpa Islam?,2025-07-20T08:53:35,2016
Bekisar Merah (Indonesian Edition) (Ahmad Tohari).pdf,https://drive.google.com/open?id=1eKTnY8dn8GD9l6YH8OiS82C6PaT3vp0j,KH. Ahmad Tohari,https://z-library.sk/book/983617/327450/bekisar-merah-indonesian.html,https://s3proxy.cdn-zlib.sk/covers100/collections/genesis/977453e2d8309dda36b4d3a2d4c8f4befc1f10de8678709af1267964dc94efe2.jpg,https://res.cloudinary.com/duwgvawwz/image/upload/v1752839992/book_covers/Bekisar_merah_Indonesian.jpg,2025-07-19T10:19:43,in_progress,pdf,,567 KB,983617,indonesian,Gramedia Pustaka Utama,keyword,Bekisar merah (Indonesian),2025-07-20T17:27:03,1993
Beraksi Kembali (Enid Blyton).pdf,https://drive.google.com/open?id=1XS_w8N7liyI52TLkEYub6y6Raa5GEAjZ,Blyton Enid,https://z-library.sk/book/3987148/e2b873/beraksi-kembali.html,/img/cover-not-exists.png,,2025-07-19T10:19:43,in_progress,djvu,,919 KB,3987148,indonesian,"Penerbit PT Gramedia, Jakarta",keyword,Beraksi Kembali,2025-07-20T17:20:40,1985.0
Anna Karenina I (Leo Tolstoy).pdf,https://drive.google.com/open?id=1CxNOs3b8LZ5dyHRs80R34poYGoxNaL2N,Leo Tolstoy,https://z-library.sk/book/21425900/76acfa/anna-karenina-i.html,https://s3proxy.cdn-zlib.sk/covers100/collections/userbooks/91a95e2327cef4d5a69480714f335d6b4149c4b024fe8da6aa998cbec33761ef.jpg,https://res.cloudinary.com/duwgvawwz/image/upload/v1752844162/book_covers/Anna_Karenina_I.jpg,2025-07-19T10:19:43,in_progress,pdf,,12.24 MB,21425900,indonesian,Kepustakaan Populer Gramedia,keyword,Anna Karenina I,2025-07-20T08:47:57,1943
Beruang (Karl May).pdf,https://drive.google.com/open?id=1xvJTwUull2QlA5qnMygkUGmSmKn3v4DY,Karl May,https://z-library.sk/book/21471724/df0163/beruang.html,https://s3proxy.cdn-zlib.sk/covers100/collections/userbooks/56e04271f9e9e39afec53ee6d5ed100b1dbecb8d5bdd6e305f19cd89799b54c6.jpg,https://res.cloudinary.com/duwgvawwz/image/upload/v1752844542/book_covers/Beruang.jpg,2025-07-19T10:19:43,in_progress,pdf,,7.06 MB,21471724,indonesian,PT. Gramedia Pustaka Utama,keyword,Beruang,2025-07-20T08:53:35,1981
Bidadari Tajir (Benny Rhamdani).pdf,https://drive.google.com/open?id=16JEB_hefI0WIzHcHWS39088YHz_HCb5S,Benny Rhamdani,https://z-library.sk/book/6038582/41ba68/bidadari-tajir.html,https://s3proxy.cdn-zlib.sk/covers100/collections/userbooks/1d7bd029cf2b60aa0c58f528af97ccda2c307243ec12a756cbde6221bbe91f21.png,https://res.cloudinary.com/duwgvawwz/image/upload/v1752850769/book_covers/Bidadari_Tajir.jpg,2025-07-19T10:19:43,in_progress,pdf,,1.01 MB,6038582,indonesian,Cinta,keyword,Bidadari Tajir,2025-07-20T17:25:47,2005
Bob (Daniel Defoe).pdf,https://drive.google.com/open?id=1ijTHMp7aKMrBshxUwbhs3-4T8acouTdE,Daniel Defoe,https://z-library.sk/book/21472485/dd822d/bob.html,https://s3proxy.cdn-zlib.sk/covers100/collections/userbooks/c11590454f7da387fb8a6ea1e4ca2f326b4c79926854406e01f65e39d715fa14.jpg,https://res.cloudinary.com/duwgvawwz/image/upload/v1752844620/book_covers/Bob.jpg,2025-07-19T10:19:43,in_progress,pdf,,6.80 MB,21472485,indonesian,PT. Gramedia Pustaka Utama,keyword,Bob,2025-07-20T08:53:35,1981
Belajar Bijaksana dari Kaum Sufi (Cecep Zakarias El Bilad).pdf,https://drive.google.com/open?id=19YKM9ykweXPe0yYJUnq02-HemOsxqiMr,Cecep Zakarias El Bilad,https://z-library.sk/book/11844034/8288dc/belajar-bijaksana-dari-kaum-sufi.html,https://s3proxy.cdn-zlib.sk/covers100/collections/userbooks/033d824cdad17172cff553d0141c21648f0501b45481fb47070f8bf2bfdb9959.jpg,https://res.cloudinary.com/duwgvawwz/image/upload/v1752847391/book_covers/Belajar_Bijaksana_dari_Kaum_Sufi.jpg,2025-07-19T10:19:43,in_progress,pdf,,5.88 MB,11844034,indonesian,Yayasan Islam Cinta Indonesia,keyword,Belajar Bijaksana dari Kaum Sufi,2025-07-20T05:25:10,2018
Brionne (Louis LAmour).djvu,https://drive.google.com/open?id=1bfRIskuG7V6Mj4frcXtkHffaRlXrUycv,Louis L'Amour,https://z-library.sk/book/19275810/2e26d1/brionne.html,https://s3proxy.cdn-zlib.sk/covers100/collections/userbooks/a7fe9ac67a11ffb16b6d0d7b6a46091ef6c2c7bc747cdf53ad2f178ad2a5bed8.jpg,https://res.cloudinary.com/duwgvawwz/image/upload/v1752844676/book_covers/Brionne.jpg,2025-07-19T10:19:43,in_progress,pdf,,6.51 MB,19275810,indonesian,PT. Gramedia Pustaka Utama,keyword,Brionne,2025-07-20T06:31:13,1968
Candlelight Christmas (Selamanya Cinta) (Susan Wiggs).pdf,https://drive.google.com/open?id=19zq_dZAs8rIUHvfW4n0tvUHTk10y_ouk,Susan Wiggs,https://z-library.sk/book/11523530/6d955f/candlelight-christmas-selamanya-cinta.html,https://s3proxy.cdn-zlib.sk/covers100/collections/userbooks/57b6f37b91a443a56b17e2d6c7fa04975ce4d828d1c8e3a699470af530168284.png,https://res.cloudinary.com/duwgvawwz/image/upload/v1752844882/book_covers/Candlelight_Christmas_Selamanya_Cinta.jpg,2025-07-19T10:19:43,in_progress,pdf,,1.69 MB,11523530,indonesian,PT. Gramedia Pustaka Utama,keyword,Candlelight Christmas (Selamanya Cinta),2025-07-20T04:52:20,2017
Canakya (Vishaka Datta).pdf,https://drive.google.com/open?id=1TQ4FVR7yx5ymKxeDdBSIWSX1MhnVyH0m,Vishaka Datta,https://z-library.sk/book/21333686/a84366/canakya.html,https://s3proxy.cdn-zlib.sk/covers100/collections/userbooks/45bc7ac30a1e51c66ae4613548447ff6a5e24855e5fc68575696e00d084a361f.jpg,https://res.cloudinary.com/duwgvawwz/image/upload/v1752844869/book_covers/Canakya.jpg,2025-07-19T10:19:43,in_progress,pdf,,4.31 MB,21333686,indonesian,PT. Gramedia Pustaka Utama,keyword,Canakya,2025-07-20T08:46:21,1978
Buddha (S.K. Ramachandra).pdf,https://drive.google.com/open?id=1XTfRm4aCznS2iSp8Rs8Ma6-1Y7sLXBqa,Hendrik,https://z-library.sk/book/7636118/0442d5/cinta-seks-dan-pernikahan-dalam-perspektif-buddha-dharma.html,https://s3proxy.cdn-zlib.sk/covers100/collections/userbooks/df82dba988242c5acc568b0169ca20e91b97b77112457ad6b755262f085582f5.jpg,https://res.cloudinary.com/duwgvawwz/image/upload/v1752847610/book_covers/cinta_seks_dan_pernikahan_dalam_perspektif_buddha_dharma.jpg,2025-07-19T10:19:43,in_progress,pdf,,2.34 MB,7636118,indonesian,,keyword,"cinta, seks, dan pernikahan dalam perspektif buddha dharma",2025-07-20T17:26:39,0
Cinta dalam Doa (Nurlaila Zahra).pdf,https://drive.google.com/open?id=1J_YX7ITnkqFsUTwEC02UusF9N5ZJCURQ,Nurlaila Zahra,https://z-library.sk/book/18262975/33d089/cinta-dalam-doa.html,https://s3proxy.cdn-zlib.sk/covers100/collections/userbooks/8c0cf519e2e9e071dd7627cb16f12ee44aeb7631fb34b936848f07286c9645e7.jpg,https://res.cloudinary.com/duwgvawwz/image/upload/v1752847775/book_covers/Cinta_dalam_Doa.jpg,2025-07-19T10:19:43,in_progress,pdf,,2.44 MB,18262975,indonesian,MoonlightOS,keyword,Cinta dalam Doa,2025-07-20T06:31:09,2021
Cinta Berbalas Luka (Miya Cahaya).pdf,https://drive.google.com/open?id=1cbxlmYlpNfXMxvaevuTmqVQZRJPQLAFd,Miya Cahaya,https://z-library.sk/book/18232437/c5cab5/cinta-berbalas-luka.html,https://s3proxy.cdn-zlib.sk/covers100/collections/userbooks/5ffafecab78b2d87a3900797892a6553b9a1891cbb8f4ff5eb3b8984e3cc54a9.jpg,https://res.cloudinary.com/duwgvawwz/image/upload/v1752847805/book_covers/Cinta_Berbalas_Luka.jpg,2025-07-19T10:19:43,in_progress,pdf,,2.42 MB,18232437,indonesian,Kyu Digital Books,keyword,Cinta Berbalas Luka,2025-07-20T06:31:08,2017
Cinta di Awal Tiga Puluh (Mira W.).pdf,https://drive.google.com/open?id=1EOXLr_LiwV-3v5Q-MeJZb0YW0xsmA-zW,Mira W.,https://z-library.sk/book/6105901/1e4ad8/cinta-di-awal-tiga-puluh.html,https://s3proxy.cdn-zlib.sk/covers100/collections/userbooks/c2d2aa3cc31a3f0febe58df81ddc9dc06e2997a5a4a33f7f6b93b92e2c01c5fa.jpg,https://res.cloudinary.com/duwgvawwz/image/upload/v1752845102/book_covers/Cinta_di_Awal_Tiga_Puluh.jpg,2025-07-19T10:19:43,in_progress,djvu,,3.66 MB,6105901,indonesian,PT. Gramedia Pustaka Utama,keyword,Cinta di Awal Tiga Puluh,2025-07-20T17:26:00,1996
Cinta Terlarang Seorang Ibu Tiri (Asa Jannati).pdf,https://drive.google.com/open?id=1I6iXQHeZ8aE715xKPGR_KvIP-sQsy6w1,Asa Jannati,https://z-library.sk/book/18326203/9d9ab6/cinta-terlarang-seorang-ibu-tiri.html,https://s3proxy.cdn-zlib.sk/covers100/collections/userbooks/da3bd5e22eaffefafb62aff364e38ee5b22af06559ab9a9abbe5409f2f313ad3.jpg,https://res.cloudinary.com/duwgvawwz/image/upload/v1752847728/book_covers/Cinta_Terlarang_Seorang_Ibu_Tiri.jpg,2025-07-19T10:19:43,in_progress,pdf,,680 KB,18326203,indonesian,Asa Jannati Publisher,keyword,Cinta Terlarang Seorang Ibu Tiri,2025-07-20T06:31:09,2021
Cinta Kana (Hurun Al Qolb).pdf,https://drive.google.com/open?id=1zeODkotBZ_Rn5qMzEBSbhdH6SiFKN8UN,Hurun Al Qolb,https://z-library.sk/book/18222867/634848/cinta-kana.html,https://s3proxy.cdn-zlib.sk/covers100/collections/userbooks/71410850bed855834c1befe14388edb9a38208b563845acfec50a21e0f29f828.jpg,https://res.cloudinary.com/duwgvawwz/image/upload/v1752850462/book_covers/Cinta_Kana.jpg,2025-07-19T10:19:43,in_progress,pdf,,3.48 MB,18222867,indonesian,Kyu Digital Books,keyword,Cinta Kana,2025-07-20T06:31:08,2016
Cita Cinta (Chandra).pdf,https://drive.google.com/open?id=1zO6unmrh3-YoRUGvYF200vZ_FZJw3edh,Murid Kelas 10C SMAN 82 Jakarta,https://z-library.sk/book/27280483/38aa63/nawasena-cita-cinta-kita.html,https://s3proxy.cdn-zlib.sk/covers100/collections/userbooks/5e3bbe8693f45f678ca77f3e0d64480e14d32c355e4a76e34fed71bcbfd78148.jpg,https://res.cloudinary.com/duwgvawwz/image/upload/v1752849795/book_covers/Nawasena_Cita_Cinta_Kita.jpg,2025-07-19T10:19:43,in_progress,pdf,,19.10 MB,27280483,indonesian,Anonim,keyword,Nawasena: Cita Cinta Kita,2025-07-20T17:09:33,2023
Di Hatimu Kutitip Cinta (Fredy S.).pdf,https://drive.google.com/open?id=1MXo28JlIR1N89aDnaWtXUCDz45yWfppE,Fredy S.,https://z-library.sk/book/12244599/30510c/di-hatimu-kutitip-cinta.html,https://s3proxy.cdn-zlib.sk/covers100/collections/userbooks/677bc24f8ab1df3d38852f1a2b94e88ab0618a4a1e9c3b44468fd8f0fe051bf4.jpg,https://res.cloudinary.com/duwgvawwz/image/upload/v1752848064/book_covers/Di_Hatimu_Kutitip_Cinta.jpg,2025-07-19T10:19:43,in_progress,pdf,,1.09 MB,12244599,indonesian,Sinar Matahari,keyword,Di Hatimu Kutitip Cinta,2025-07-20T05:40:32,0
Dunia Cinta Filosofis Kahlil Gibran (Fahruddin Faiz).pdf,https://drive.google.com/open?id=1QFAqwkb8YzhwpNqS0cs330VBJ81ZtD9i,Fahruddin Faiz,https://z-library.sk/book/27372421/74f6f2/dunia-cinta-filosofis-kahlil-gibran.html,https://s3proxy.cdn-zlib.sk/covers100/collections/userbooks/ff81bff17f036f88184f9a56e42be157edb7da4a8f44ebf026e2bd9e54f088ce.jpg,https://res.cloudinary.com/duwgvawwz/image/upload/v1752847063/book_covers/Dunia_Cinta_Filosofis_Kahlil_Gibran.jpg,2025-07-19T10:19:43,in_progress,pdf,,14.21 MB,27372421,indonesian,MJS Press,keyword,Dunia Cinta Filosofis Kahlil Gibran,2025-07-20T17:09:33,2019
Dry (Kering) (Neal Shusterman Jarrod Shusterman).pdf,https://drive.google.com/open?id=19p022NWHuQAJOE4zHZkMRseojU4IIT9K,Neal Shusterman & Jarrod Shusterman,https://z-library.sk/book/18347871/e7eb3b/dry-kering.html,https://s3proxy.cdn-zlib.sk/covers100/collections/userbooks/a3fb848bbaf761200109501c7fb838891719a80c19c1757c1bfcad01704c9d85.jpg,https://res.cloudinary.com/duwgvawwz/image/upload/v1752839726/book_covers/Dry_Kering.jpg,2025-07-19T10:19:43,in_progress,pdf,,2.23 MB,18347871,indonesian,PT. Gramedia Pustaka Utama,keyword,Dry (Kering),2025-07-20T06:31:09,2020
Faidah Ringkas Seputar Manhaj (Abu Mushlih Ari Wahyudi).pdf,https://drive.google.com/open?id=1_w-nl8O8TUHq-iog55TJ062cC-8OmYS4,Abu Mushlih Ari Wahyudi,https://z-library.sk/book/18432416/fdac92/faidah-ringkas-seputar-manhaj.html,https://s3proxy.cdn-zlib.sk/covers100/collections/userbooks/c711077c3e921973135b95cc85d43b744a67bc1801ed036b77629ff67a9f2c1f.jpg,https://res.cloudinary.com/duwgvawwz/image/upload/v1752850001/book_covers/Faidah_Ringkas_Seputar_Manhaj.jpg,2025-07-19T10:19:43,in_progress,pdf,,3.46 MB,18432416,indonesian,Yayasan Cinta Sedekah,keyword,Faidah Ringkas Seputar Manhaj,2025-07-20T06:31:09,2021
Fat Tuesday (Menjelang Tengah Malam) (Sandra Brown).pdf,https://drive.google.com/open?id=1eS2YrR6GeVyMzPeX4e3qhe6IF_6NSdFC,Sandra Brown,https://z-library.sk/book/18468000/6eb818/menjelang-tengah-malam-fat-tuesday.html,https://s3proxy.cdn-zlib.sk/covers100/collections/userbooks/c04f2612afd6c94cd7724aef73d9a94fd7db7148eb9e74d8a01676cccb7a4256.jpg,https://res.cloudinary.com/duwgvawwz/image/upload/v1752840431/book_covers/Menjelang_Tengah_Malam_Fat_Tuesday.jpg,2025-07-19T10:19:43,in_progress,pdf,,6.39 MB,18468000,indonesian,Gramedia Pustaka Utama,keyword,Menjelang Tengah Malam (Fat Tuesday),2025-07-20T06:31:09,2018
From Beirut to Jerusalem (Ang Swee Chai).mobi,https://drive.google.com/open?id=1ArEUciO7dQpRUNbN6mUqZD6FtrNy4Sry,dr. Ang Swee Chai,https://z-library.sk/book/21679039/3176d8/from-beirut-to-jerusalem-kisah-pengabdian-seorang-dokter-perempuan-di-kamp-pengungsian-palestina.html,https://s3proxy.cdn-zlib.sk/covers100/collections/userbooks/bad241f2bdcf05a4e87b1c57556122c3f0ddde2296c86816d05405d50850f7a1.jpg,https://res.cloudinary.com/duwgvawwz/image/upload/v1752846009/book_covers/From_Beirut_to_Jerusalem_Kisah_Pengabdian_Seorang_Dokter_Perempuan_di_Kamp_Pengungsian_Palestina.jpg,2025-07-19T10:19:43,in_progress,pdf,,2.62 MB,21679039,indonesian,Mizan,keyword,From Beirut to Jerusalem: Kisah Pengabdian Seorang Dokter Perempuan di Kamp Pengungsian Palestina,2025-07-20T09:28:40,2010.0
"Generasi Milenial Cinta Lingkungan (Dr. V. Kristina Ananingsih, ST etc.).pdf",https://drive.google.com/open?id=1Hb2GOnDc2tR9E-xIGM0aBDZVFBNeMrGR,Dr. V. Kristina Ananingsih; ST; M.Sc. & Ignatius Novianto Hariwibowo; SE.; M.Acc.,https://z-library.sk/book/18232456/ba13f2/generasi-milenial-cinta-lingkungan.html,https://s3proxy.cdn-zlib.sk/covers100/collections/userbooks/8f38f359ed7793579e0b8827ea3635f9f913c80b22e1b77503f237800a684bb0.jpg,https://res.cloudinary.com/duwgvawwz/image/upload/v1752848140/book_covers/Generasi_Milenial_Cinta_Lingkungan.jpg,2025-07-19T10:19:43,pending,pdf,,4.55 MB,18232456,indonesian,Universitas Katolik Soegijapranata,keyword,Generasi Milenial Cinta Lingkungan,2025-07-21T00:53:03,2021
Gustira (Kata Kokoh (Eko Ivano Winata)).pdf,https://drive.google.com/open?id=1pNwwh3S2sgqAvpmw5aKeFvAIFpi5F4Sg,Kata Kokoh (Eko Ivano Winata),https://z-library.sk/book/27355402/7450dd/gustira.html,https://s3proxy.cdn-zlib.sk/covers100/collections/userbooks/b17cc2f74b0e4a5e2402e0a0adfdd4cec05db206885e523725c66650cd75b4e7.jpg,https://res.cloudinary.com/duwgvawwz/image/upload/v1752846520/book_covers/Gustira.jpg,2025-07-19T10:19:43,pending,pdf,,2.70 MB,27355402,indonesian,DAR! Mizan,keyword,Gustira,2025-07-21T00:53:03,2019
Branding with Character (Hermawan Kartajaya Ardhi Ridwansyah (editor)).pdf,https://drive.google.com/open?id=1j2huAVCqc12F_PRD7B_kuYJkRayuMLrM,Hermawan Kartajaya & Ardhi Ridwansyah (editor),https://z-library.sk/book/21471633/be1f2b/branding-with-character.html,https://s3proxy.cdn-zlib.sk/covers100/collections/userbooks/614d90a2076a0bbaf5406cebded18cca8a47402180bfd50e4842ae86bd845c2b.jpg,https://res.cloudinary.com/duwgvawwz/image/upload/v1752844635/book_covers/Branding_with_Character.jpg,2025-07-19T10:19:43,in_progress,pdf,,15.44 MB,21471633,indonesian,PT. Gramedia Pustaka Utama,keyword,Branding with Character,2025-07-20T08:53:35,2012
In Bed with a Highlander (Peraduan Sang Highlander) (Maya Banks).pdf,https://drive.google.com/open?id=1MhAMbOwqlC0tRFdnqmZhpzpjH6cc_Yzl,Maya Banks,https://z-library.sk/book/12058160/a25bd6/in-bed-with-a-highlander-peraduan-sang-highlander.html,https://s3proxy.cdn-zlib.sk/covers100/collections/userbooks/5c42e268a71fe1906aa595f5f92418bf3af5e87ecb0b0ae42e87a4c0e3d128d0.jpg,https://res.cloudinary.com/duwgvawwz/image/upload/v1752841683/book_covers/In_Bed_with_a_Highlander_Peraduan_Sang_Highlander.jpg,2025-07-19T10:19:43,pending,pdf,,2.46 MB,12058160,indonesian,PT. Gramedia Pustaka Utama,keyword,In Bed with a Highlander (Peraduan Sang Highlander),2025-07-21T00:53:03,2020
Hidup Sehat ala Milenial (Firda Bilma Assyfa Fauziah).pdf,https://drive.google.com/open?id=1ilvtjbQVq6cLGU_WTOBBB-upnFLrewRt,Firda Bilma Assyfa Fauziah,https://z-library.sk/book/11971202/6c18eb/hidup-sehat-ala-milenial.html,https://s3proxy.cdn-zlib.sk/covers100/collections/userbooks/83983ff85904288300de9f54ed88ff0b821bc693a64bc5e6eb8bc41c8de4248c.png,https://res.cloudinary.com/duwgvawwz/image/upload/v1752847399/book_covers/Hidup_Sehat_ala_Milenial.jpg,2025-07-19T10:19:43,pending,pdf,,3.32 MB,11971202,indonesian,Yayasan Islam Cinta Indonesia,keyword,Hidup Sehat ala Milenial,2025-07-21T00:53:03,2018
Islam dan Kebudayaan (Ismail R. Al-Faruqi).pdf,https://drive.google.com/open?id=1UCI2PgOCC3Tk4ABWOxWS29yNoWCsrXm1,Ismail Raji al Faruqi,https://z-library.sk/book/6574569/d03395/islam-dan-kebudayaan.html,https://s3proxy.cdn-zlib.sk/covers100/collections/userbooks/638370f26c4823870f01993229c10014e032dc4a24eaccb0fbe252d626302273.jpg,https://res.cloudinary.com/duwgvawwz/image/upload/v1752846191/book_covers/Islam_dan_Kebudayaan.jpg,2025-07-19T10:19:43,pending,pdf,,3.80 MB,6574569,indonesian,Penerbit Mizan,keyword,Islam dan Kebudayaan,2025-07-21T00:53:03,1993
Istri Baru Gede (Kumpulan Cerpen Islami Pembangun Cita Cinta) (Hatta Syamsuddin) (Z-Li.pdf,https://drive.google.com/open?id=15Z_Omy-UOzlLrwf3sS91Fu6g9K_mSVu-,Hatta Syamsuddin,https://z-library.sk/book/11284180/2ba2cb/istri-baru-gede-kumpulan-cerpen-islami-pembangun-cita-cinta.html,https://s3proxy.cdn-zlib.sk/covers100/collections/userbooks/f72834889092b55905d61fbf450488102f5b2a5d4db096b4a7d5761c7e27947b.jpg,https://res.cloudinary.com/duwgvawwz/image/upload/v1752848394/book_covers/Istri_Baru_Gede_Kumpulan_Cerpen_Islami_Pembangun_Cita__Cinta.jpg,2025-07-19T10:19:43,pending,pdf,,881 KB,11284180,indonesian,Kajian Pria Nikah,keyword,Istri Baru Gede (Kumpulan Cerpen Islami Pembangun Cita & Cinta),2025-07-21T00:53:03,2009
Jihad Julia (Julia I. Suryakusuma).mobi,https://drive.google.com/open?id=1Aq8u2t_SEsT5-N0T8LqjMeNouagkamSn,Julia I. Suryakusuma,https://z-library.sk/book/21464549/79ad06/jihad-julia.html,https://s3proxy.cdn-zlib.sk/covers100/collections/userbooks/a3b1dd7d0d32f3197e59b3e59de96523248b639128e7b2bb67e39819afd56820.jpg,https://res.cloudinary.com/duwgvawwz/image/upload/v1752846506/book_covers/Jihad_Julia.jpg,2025-07-19T10:19:43,pending,mobi,,1.74 MB,21464549,indonesian,PT Mizan Publika,keyword,Jihad Julia,2025-07-21T00:53:03,2010
Keajaiban Otak Kanan (dr. Shigeo Haruyama).pdf,https://drive.google.com/open?id=1YUgCskQlkQ3D-zT_BGI8EulP_c4rSqVm,dr. Shigeo Haruyama,https://z-library.sk/book/116155247/c8b593/keajaiban-otak-kanan.html,https://s3proxy.cdn-zlib.sk/covers100/collections/userbooks/fec2bbbf6c7154237bb3c3ae69dcadf86881598ed0322d5e8bb1f44ed7eba958.jpg,https://res.cloudinary.com/duwgvawwz/image/upload/v1752841031/book_covers/Keajaiban_Otak_Kanan.jpg,2025-07-19T10:19:43,pending,pdf,,3.35 MB,116155247,indonesian,Gramedia Pustaka Utama,keyword,Keajaiban Otak Kanan,2025-07-21T00:53:03,2021
Kucing Penyelamat Buku (The Cat Who Saved Books) (Sosuke Natsukawa).pdf,https://drive.google.com/open?id=1nEpDrf9odP9n6_RiBvbHZtmhbwt0ql-J,Sosuke Natsukawa,https://z-library.sk/book/117528116/334a56/kucing-penyelamat-buku-the-cat-who-saved-books.html,https://s3proxy.cdn-zlib.sk/covers100/collections/userbooks/e1f5422911d5e9fea02fb1c64b875cf5d0737d9af34d2232cb149ccac7a3ada1.jpg,https://res.cloudinary.com/duwgvawwz/image/upload/v1752840723/book_covers/Kucing_Penyelamat_Buku_The_Cat_Who_Saved_Books.jpg,2025-07-19T10:19:43,pending,pdf,,940 KB,117528116,indonesian,Gramedia Pustaka Utama,keyword,Kucing Penyelamat Buku (The Cat Who Saved Books),2025-07-21T00:53:03,2023
Banyuwangi (Putu Praba Darana).pdf,https://drive.google.com/open?id=1Vy7tk52jEgOL7_RanBuDEfnBwtTEhPmB,Putu Praba Darana,https://z-library.sk/book/5750702/c19b65/banyuwangi.html,https://s3proxy.cdn-zlib.sk/covers100/collections/userbooks/d86c461cb0e70db4f4013019954d0ab2320c14bc3a71748edbdec9314cda197d.jpg,https://res.cloudinary.com/duwgvawwz/image/upload/v1752844327/book_covers/Banyuwangi.jpg,2025-07-19T10:19:43,in_progress,djvu,,5.69 MB,5750702,indonesian,PT. Gramedia Pustaka Utama,keyword,Banyuwangi,2025-07-20T17:23:51,1990
Kisah Seribu Satu Malam (Buku Kedua) (Husain Haddawy).pdf,https://drive.google.com/open?id=1L8lPVUsxazX438_jHwo0vA0WOcuSNWsd,Husain Haddawy,https://z-library.sk/book/5750698/73e7cc/kisah-seribu-satu-malam.html,https://s3proxy.cdn-zlib.sk/covers100/collections/userbooks/94b7898c95b62499b7229168a25d5917857bf4d8dfc653a4667eadfac7594ba7.jpg,https://res.cloudinary.com/duwgvawwz/image/upload/v1752845421/book_covers/Kisah_Seribu_Satu_Malam.jpg,2025-07-19T10:19:43,pending,djvu,,6.36 MB,5750698,indonesian,Mizan,keyword,Kisah Seribu Satu Malam,2025-07-21T00:53:03,2004
Kutunggu di Setiap Kamisan (Kisah Cinta yang Terselip di 400 Kamis Seberang Istana) Seb.pdf,https://drive.google.com/open?id=1smnjyWw1T1UMIg6nmUznfivYh-c7DEJf,Denny J.A.,https://z-library.sk/book/18218278/91b2df/kutunggu-di-setiap-kamisan-kisah-cinta-yang-terselip-di-400-kamis-seberang-istana-sebuah-puisi-es.html,https://s3proxy.cdn-zlib.sk/covers100/collections/userbooks/9dba52252ee8cb7708e5b6f39b2cdcfe201c422214223baa3609fc5b9cd0d3b0.jpg,https://res.cloudinary.com/duwgvawwz/image/upload/v1752848912/book_covers/Kutunggu_di_Setiap_Kamisan_Kisah_Cinta_yang_Terselip_di_400_Kamis_Seberang_Istana_Sebuah_Puisi_Esai.jpg,2025-07-19T10:19:43,pending,pdf,,6.28 MB,18218278,indonesian,Cerah Budaya Indonesia,keyword,Kutunggu di Setiap Kamisan (Kisah Cinta yang Terselip di 400 Kamis Seberang Istana): Sebuah Puisi Esai,2025-07-21T00:53:03,2018
Laut Bercerita (Leila S. Chudori).pdf,https://drive.google.com/open?id=1mhyo5D7BDWs5UpZyFDllOHFhRU5Mf7Si,Leila S. Chudori,https://z-library.sk/book/25065016/2a9cf9/laut-bercerita.html,https://s3proxy.cdn-zlib.sk/covers100/collections/userbooks/55bc2e4de002b6efc7b5d9594fd136c8adea44c37f19daf1a5e76f90f60dc791.jpg,https://res.cloudinary.com/duwgvawwz/image/upload/v1752839296/book_covers/Laut_Bercerita.jpg,2025-07-19T10:19:43,pending,epub,,553 KB,25065016,indonesian,Gramedia Pustaka Utama,keyword,Laut Bercerita,2025-07-21T00:53:03,2017
Kumpulan kisah inspiratif (Gantyo Koespradono).epub,https://drive.google.com/open?id=1ctHn0jAzDu0651poU8QO03hwOm8HJdX7,Gantyo Koespradono,https://z-library.sk/book/1219677/48304e/kumpulan-kisah-inspiratif.html,/img/cover-not-exists.png,,2025-07-19T10:19:43,pending,epub,,3.35 MB,1219677,indonesian,PT Mizan Publika,keyword,Kumpulan kisah inspiratif,2025-07-21T00:53:03,2008.0
Lily Jasmine (Alvan M. A.).pdf,https://drive.google.com/open?id=1QTxx2QhktEwNM7z8rokm4KuQq18baoJ9,Alvan M. A.,https://z-library.sk/book/118343443/40986b/lily-jasmine.html,https://s3proxy.cdn-zlib.sk/covers100/collections/userbooks/31c40a383e77ea9678d6ca2af58b75540b339b5d5f70afa4decd9487ff3bd00f.jpg,https://res.cloudinary.com/duwgvawwz/image/upload/v1752846609/book_covers/Lily_Jasmine.jpg,2025-07-19T10:19:43,pending,pdf,,6.87 MB,118343443,indonesian,DAR! Mizan,keyword,Lily Jasmine,2025-07-21T00:53:03,2015.0
Menjelang Tengah Malam (Fat Tuesday) (Sandra Brown).pdf,https://drive.google.com/open?id=1kwLe5x7RIFTBDXSqAM-PHzJlJ9G7tWiN,Sandra Brown,https://z-library.sk/book/18468000/6eb818/menjelang-tengah-malam-fat-tuesday.html,https://s3proxy.cdn-zlib.sk/covers100/collections/userbooks/c04f2612afd6c94cd7724aef73d9a94fd7db7148eb9e74d8a01676cccb7a4256.jpg,https://res.cloudinary.com/duwgvawwz/image/upload/v1752840431/book_covers/Menjelang_Tengah_Malam_Fat_Tuesday.jpg,2025-07-19T10:19:43,uploaded,pdf,https://drive.google.com/open?id=1eS2YrR6GeVyMzPeX4e3qhe6IF_6NSdFC,6.39 MB,18468000,indonesian,Gramedia Pustaka Utama,keyword,Menjelang Tengah Malam (Fat Tuesday),2025-07-20T17:53:03,2018
Mereka bilang aku China (Dewi Anggraeni).mobi,https://drive.google.com/open?id=1pj6tPLL2yfC0QyrY1yeVzlq-S0OnnEKp,Dewi Anggraeni,https://z-library.sk/book/21464474/a9e977/mereka-bilang-aku-china.html,https://s3proxy.cdn-zlib.sk/covers100/collections/userbooks/e74e7ef80bd07ae4998a997648dc6aa064f02bfdaab0ddc04594cfcd73580e3a.jpg,https://res.cloudinary.com/duwgvawwz/image/upload/v1752846508/book_covers/Mereka_bilang_aku_China.jpg,2025-07-19T10:19:43,pending,mobi,,3.67 MB,21464474,indonesian,PT Mizan Publika,keyword,Mereka bilang aku China,2025-07-21T00:53:03,2010
Menyaksikan 30 Tahun Pemerintahan Otoriter Soeharto (Salim Said).mobi,https://drive.google.com/open?id=1Rt6fA-QWVBbZHsQTfCoItsO5IByW48m2,Salim Said,https://z-library.sk/book/21466083/4ca945/menyaksikan-30-tahun-pemerintahan-otoriter-soeharto.html,https://s3proxy.cdn-zlib.sk/covers100/collections/userbooks/751a59ad3a2f2bfc13c1986b5f268284ba103f85f34e575a2e6926ed8d9bea86.jpg,https://res.cloudinary.com/duwgvawwz/image/upload/v1752846342/book_covers/Menyaksikan_30_Tahun_Pemerintahan_Otoriter_Soeharto.jpg,2025-07-19T10:19:43,pending,mobi,,6.36 MB,21466083,indonesian,Mizan Pustaka,keyword,Menyaksikan 30 Tahun Pemerintahan Otoriter Soeharto,2025-07-21T00:53:03,2016.0
Metode Ahlissunnah dalam Bermuamalah dengan Penguasa (Ringkasan Kitab Muamalatul Hukkam.pdf,https://drive.google.com/open?id=1bT6nM4bTh7stBZMvUdOtkoQpsB-2wWp_,Abul Aswad Al Bayati,https://z-library.sk/book/28765597/142477/metode-ahlissunnah-dalam-bermuamalah-dengan-penguasa-ringkasan-kitab-muamalatul-hukkam.html,https://s3proxy.cdn-zlib.sk/covers100/collections/userbooks/bc5dc412cdc5139bed1c979e0d6d598d890db393a145ae2cd57d7245ee434909.jpg,https://res.cloudinary.com/duwgvawwz/image/upload/v1752850136/book_covers/Metode_Ahlissunnah_dalam_Bermuamalah_dengan_Penguasa_Ringkasan_Kitab_Muamalatul_Hukkam.jpg,2025-07-19T10:19:43,pending,pdf,,1.46 MB,28765597,indonesian,Cinta Sedekah,keyword,Metode Ahlissunnah dalam Bermuamalah dengan Penguasa (Ringkasan Kitab Muamalatul Hukkam),2025-07-21T00:53:03,2020
Mizan Keadilan Tuhan (Mengkaji Doktrin Keadilan Tuhan) (Sayyid Saeed Akhtar Rizvi) (Z-L.pdf,https://drive.google.com/open?id=1R5SKF7V68rDiTX2dv_C_vHZBGEn9REoO,Sayyid Saeed Akhtar Rizvi,https://z-library.sk/book/18467609/e3898d/mizan-keadilan-tuhan-mengkaji-doktrin-keadilan-tuhan.html,https://s3proxy.cdn-zlib.sk/covers100/collections/userbooks/22fde23d89189be0867643b2e62b7bf86d680681683ffb931484ab239243d74b.jpg,https://res.cloudinary.com/duwgvawwz/image/upload/v1752845391/book_covers/Mizan_Keadilan_Tuhan_Mengkaji_Doktrin_Keadilan_Tuhan.jpg,2025-07-19T10:19:43,pending,pdf,,866 KB,18467609,indonesian,Yayasan Ashr azh-Zhuhur,keyword,Mizan Keadilan Tuhan (Mengkaji Doktrin Keadilan Tuhan),2025-07-21T00:53:03,2020
My Winter Tale (Neni Jahar).pdf,https://drive.google.com/open?id=1cZb08Zo2lmumGK9t7QIgWvp5W75CGtJd,Neni Jahar,https://z-library.sk/book/118263695/8c67fe/my-winter-tale.html,https://s3proxy.cdn-zlib.sk/covers100/collections/userbooks/38b06dc2b389d822fbc7f021cead01fe86e6993a7161b4a49636c4d014361a0e.jpg,https://res.cloudinary.com/duwgvawwz/image/upload/v1752842301/book_covers/My_Winter_Tale.jpg,2025-07-19T10:19:43,pending,pdf,,6.23 MB,118263695,indonesian,Gramedia Pustaka Utama,keyword,My Winter Tale,2025-07-21T00:53:03,2017
Nakula Mencari Cinta (Niken Kartiniwati).pdf,https://drive.google.com/open?id=1TdoNLWzTnYdqAfRoksVQP3qV3CFvjNMm,Niken Kartiniwati,https://z-library.sk/book/19201527/8551e9/nakula-mencari-cinta.html,https://s3proxy.cdn-zlib.sk/covers100/collections/userbooks/f5250b895c45be5e2caf4a3c56a32abb3e04b539f66e4974027fe3afad152452.jpg,https://res.cloudinary.com/duwgvawwz/image/upload/v1752848889/book_covers/Nakula_Mencari_Cinta.jpg,2025-07-19T10:19:43,pending,pdf,,5.45 MB,19201527,indonesian,Karos Publisher,keyword,Nakula Mencari Cinta,2025-07-21T00:53:03,2020
Never Love a Highlander (Mencintai Sang Highlander) (Maya Banks).pdf,https://drive.google.com/open?id=1KzPFr1vE7fon3mbowU4kiH8IdKodLHDX,Maya Banks,https://z-library.sk/book/12152496/b84222/never-love-a-highlander-mencintai-sang-highlander.html,https://s3proxy.cdn-zlib.sk/covers100/collections/userbooks/e7b331465464520d1436bc5b30a4930d094e78233e111e5bae49b196a9b043f8.jpg,https://res.cloudinary.com/duwgvawwz/image/upload/v1752841699/book_covers/Never_Love_a_Highlander_Mencintai_Sang_Highlander.jpg,2025-07-19T10:19:43,pending,pdf,,2.00 MB,12152496,indonesian,PT. Gramedia Pustaka Utama,keyword,Never Love a Highlander (Mencintai Sang Highlander),2025-07-21T00:53:03,2020
Mutiara Hikmah Rangkaian Hadist Kitabul Jami (Abul Aswad Al Bayaty).pdf,https://drive.google.com/open?id=1b6eMH1iouJ-7DkjIQZArvsiONd3x0FGq,Abul Aswad Al Bayaty,https://z-library.sk/book/18467704/596e9c/mutiara-hikmah-rangkaian-hadist-kitabul-jami.html,https://s3proxy.cdn-zlib.sk/covers100/collections/userbooks/b53fc74512eb0d713cf64921551c73951913efbfb4d6ef3b575e55f47fc71e64.jpg,https://res.cloudinary.com/duwgvawwz/image/upload/v1752847350/book_covers/Mutiara_Hikmah_Rangkaian_Hadist_Kitabul_Jami.jpg,2025-07-19T10:19:43,pending,pdf,,35.12 MB,18467704,indonesian,Cinta Sedekah,keyword,Mutiara Hikmah Rangkaian Hadist Kitabul Jami',2025-07-21T00:53:03,0
Paper Princess (Putri yang Hilang) (Erin Watt).pdf,https://drive.google.com/open?id=1wubeO9-ZO3bx_ZdwipfzA-ZuYKcBcBlD,Erin Watt,https://z-library.sk/book/12328752/4f388b/paper-princess-putri-yang-hilang.html,https://s3proxy.cdn-zlib.sk/covers100/collections/userbooks/f52200c851f94299235010650414862887cc42218c3bad0a793d2e6526f6682c.jpg,https://res.cloudinary.com/duwgvawwz/image/upload/v1752841714/book_covers/Paper_Princess_Putri_yang_Hilang.jpg,2025-07-19T10:19:43,pending,pdf,,1.96 MB,12328752,indonesian,PT. Gramedia Pustaka Utama,keyword,Paper Princess (Putri yang Hilang),2025-07-21T00:53:03,2020
Prahara Cinta Dita (Asa Jannati).pdf,https://drive.google.com/open?id=1t-W0L-WDBWPRfe6IK_Cfam4B5V26oAnG,Asa Jannati,https://z-library.sk/book/18262535/bb7571/prahara-cinta-dita.html,https://s3proxy.cdn-zlib.sk/covers100/collections/userbooks/6155d4178c25ffe3c6ad73394c486bd2a6db062823457319f6072f6873784200.jpg,https://res.cloudinary.com/duwgvawwz/image/upload/v1752849193/book_covers/Prahara_Cinta_Dita.jpg,2025-07-19T10:19:43,pending,pdf,,789 KB,18262535,indonesian,Asa Jannati Publisher,keyword,Prahara Cinta Dita,2025-07-21T00:53:03,2021
Rahasia DNA (Kazuo Murakami).pdf,https://drive.google.com/open?id=1k_-VSIpaXPOvgxph-a7XEMLsNUp2AJhk,Kazuo Murakami,https://z-library.sk/book/116155088/2db7c9/rahasia-dna.html,https://s3proxy.cdn-zlib.sk/covers100/collections/userbooks/1d0d52d622a076f03f4d33e14bb7a3bf574270cf7cfb5c2b09ea8d4d672949d5.png,https://res.cloudinary.com/duwgvawwz/image/upload/v1752841577/book_covers/Rahasia_DNA.jpg,2025-07-19T10:19:43,pending,pdf,,1.47 MB,116155088,indonesian,Gramedia Pustaka Utama,keyword,Rahasia DNA,2025-07-21T00:53:03,2020
Rekayasa Masa Depan Peradaban Muslim (Ziauddin Sardar).pdf,https://drive.google.com/open?id=1Lh8zrh6_iz-OHE8LiSLLzouQLK3hZI3Q,Ziauddin Sardar,https://z-library.sk/book/21418195/9163c6/rekayasa-masa-depan-peradaban-muslim.html,https://s3proxy.cdn-zlib.sk/covers100/collections/userbooks/7741b841305303c243aff9bf026daa716fdfa393b7ee568117fe8ae59e21801f.jpg,https://res.cloudinary.com/duwgvawwz/image/upload/v1752845980/book_covers/Rekayasa_Masa_Depan_Peradaban_Muslim.jpg,2025-07-19T10:19:43,pending,pdf,,20.03 MB,21418195,indonesian,Mizan,keyword,Rekayasa Masa Depan Peradaban Muslim,2025-07-21T00:53:03,1992.0
Resign (Almira Bastari).pdf,https://drive.google.com/open?id=1qaFVS5XVZupvc9ASeDbwsa58yDvnzLr8,Almira Bastari,https://z-library.sk/book/27395992/8e489b/resign.html,https://s3proxy.cdn-zlib.sk/covers100/collections/userbooks/fb3ee308e7ae7203a7104d23e4da5eb58c8ec2eb1b5714c93b59894b2567a3d8.jpg,https://res.cloudinary.com/duwgvawwz/image/upload/v1752843100/book_covers/Resign.jpg,2025-07-19T10:19:43,pending,pdf,,8.06 MB,27395992,indonesian,Gramedia Pustaka Utama,keyword,Resign!,2025-07-21T00:53:03,2018
Risalah Cinta dan Kebahagiaan (Haidar Bagir).pdf,https://drive.google.com/open?id=10za-f6oFVQvAy4A4nJfm4RWrdmM8syGB,Haidar Bagir,https://z-library.sk/book/25089886/63940e/risalah-cinta-dan-kebahagiaan.html,https://s3proxy.cdn-zlib.sk/covers100/collections/userbooks/e2adc56604e3f368179f4be7640bd318b21e352d98be930ad8d092b81823ff9b.jpg,https://res.cloudinary.com/duwgvawwz/image/upload/v1752848507/book_covers/Risalah_Cinta_dan_Kebahagiaan.jpg,2025-07-19T10:19:43,pending,epub,,1.80 MB,25089886,indonesian,Noura Books,keyword,Risalah Cinta dan Kebahagiaan,2025-07-21T00:53:03,2012
Seduction of a Highland Lass (Rayuan Gadis Highland) (Maya Banks).pdf,https://drive.google.com/open?id=1hsoM1IGFJezdu8swWmSM61nTF2HzUer8,Maya Banks,https://z-library.sk/book/12009504/a5d126/seduction-of-a-highland-lass-rayuan-gadis-highland.html,https://s3proxy.cdn-zlib.sk/covers100/collections/userbooks/757ac3989c7197438263345aae632f06796513f866b42fbbfe61fe395f321b39.jpg,https://res.cloudinary.com/duwgvawwz/image/upload/v1752841678/book_covers/Seduction_of_a_Highland_Lass_Rayuan_Gadis_Highland.jpg,2025-07-19T10:19:43,pending,pdf,,2.17 MB,12009504,indonesian,PT. Gramedia Pustaka Utama,keyword,Seduction of a Highland Lass (Rayuan Gadis Highland),2025-07-21T00:53:03,2020
Serpihan Cinta Bipolar (Runaway Husband) (Mira W.).pdf,https://drive.google.com/open?id=1weMqjNsdj6iF-ftcqWnoxy7JSsMLE5E0,Mira W.,https://z-library.sk/book/11521988/5c8180/serpihan-cinta-bipolar-runaway-husband.html,https://s3proxy.cdn-zlib.sk/covers100/collections/userbooks/7e4811b752d4c9807346d0b6b5a8fafde935c90983c1dcd3755fd11f49024cee.png,https://res.cloudinary.com/duwgvawwz/image/upload/v1752847032/book_covers/Serpihan_Cinta_Bipolar_Runaway_Husband.jpg,2025-07-19T10:19:43,pending,pdf,,1.47 MB,11521988,indonesian,PT. Gramedia Pustaka Utama,keyword,Serpihan Cinta Bipolar (Runaway Husband),2025-07-21T00:53:03,2012
Drupadi (Seno Gumira Ajidarma).pdf,https://drive.google.com/open?id=1DJv90ZZnuKlxkcGazsVPygnksEzXgAYW,Seno Gumira Ajidarma,https://z-library.sk/book/118096591/86b8cf/drupadi.html,https://s3proxy.cdn-zlib.sk/covers100/collections/userbooks/795e77b826d5f7b16951fe3533bc0f55dd0f5d75d469cfaf4c8d35642d8be898.jpg,https://res.cloudinary.com/duwgvawwz/image/upload/v1752842322/book_covers/Drupadi.jpg,2025-07-19T10:19:43,in_progress,pdf,,9.37 MB,118096591,indonesian,Gramedia Pustaka Utama,keyword,Drupadi,2025-07-20T05:16:35,2015
Sting (Setajam Sengat) (Sandra Brown).pdf,https://drive.google.com/open?id=18-exRkj9lcNrK0swhr2Un7l5I9IjCmCI,Ainun Nufus,https://z-library.sk/book/22107267/a41083/everlasting-love-untuk-cinta-pertama-yang-belum-usai.html,https://s3proxy.cdn-zlib.sk/covers100/collections/userbooks/0b99f0b0f8786e6f280932b01b69a19583e5a6f09e30107b9a8701eca891bcc7.jpg,https://res.cloudinary.com/duwgvawwz/image/upload/v1752850687/book_covers/Everlasting_Love_Untuk_Cinta_Pertama_Yang_Belum_Usai.jpg,2025-07-19T10:19:43,pending,pdf,,756 KB,22107267,indonesian,Diandra Kreatif,keyword,Everlasting Love: Untuk Cinta Pertama Yang Belum Usai,2025-07-21T00:53:03,2014
Stories For Rainy Days (Naela Ali).pdf,https://drive.google.com/open?id=18wYECX3timqC7UWGzf0gtCg10-GA6bZC,Naela Ali,https://z-library.sk/book/19225342/a3ef0c/stories-for-rainy-days.html,https://s3proxy.cdn-zlib.sk/covers100/collections/userbooks/719b429aa8b87608a398f1a48426f5ba7bed7e2913e54aad8ebffe87dd1d2bfc.jpg,https://res.cloudinary.com/duwgvawwz/image/upload/v1752839744/book_covers/Stories_For_Rainy_Days.jpg,2025-07-19T10:19:43,pending,pdf,,8.44 MB,19225342,english,Imprint KPG (Kepustakaan Popular Gramedia Hardcover),keyword,Stories For Rainy Days,2025-07-21T00:53:03,2017
Suami Sempurna untuk Tatiana (Astrid Zeng).pdf,https://drive.google.com/open?id=1jVZb9uCly95KKHmOZfrF7pVt6iTEktSS,Astrid Zeng,https://z-library.sk/book/22104882/b38c28/amore-suami-sempurna-untuk-tatiana-cover-baru.html,https://s3proxy.cdn-zlib.sk/covers100/collections/userbooks/c436ea9d1498eff72d65039d7436fe89568dbbf214178fba409f6718466153fd.jpg,https://res.cloudinary.com/duwgvawwz/image/upload/v1752844088/book_covers/Amore_Suami_Sempurna_untuk_Tatiana_Cover_Baru.jpg,2025-07-19T10:19:43,pending,pdf,,1.84 MB,22104882,indonesian,Gramedia Pustaka Utama,keyword,Amore: Suami Sempurna untuk Tatiana (Cover Baru),2025-07-21T00:53:03,2016
Sumpah Kepatuhan (A Vow of Obligation) (Lynne Graham).pdf,https://drive.google.com/open?id=1OuDt1Fk4lBtg0yzCwd7CZExhHz0q47_D,Lynne Graham,https://z-library.sk/book/21418332/f65229/sumpah-kepatuhan-a-vow-of-obligation.html,https://s3proxy.cdn-zlib.sk/covers100/collections/userbooks/0fd936295d8c88d5aa4b5c527ea4f12c1fe8a2308b57c42820bfd43938ffb3e4.jpg,https://res.cloudinary.com/duwgvawwz/image/upload/v1752841766/book_covers/Sumpah_Kepatuhan_A_Vow_of_Obligation.jpg,2025-07-19T10:19:43,pending,pdf,,1.21 MB,21418332,indonesian,PT. Gramedia Pustaka Utama,keyword,Sumpah Kepatuhan (A Vow of Obligation),2025-07-21T00:53:03,2020
Selendang Merah (Maria A. Sardjono).pdf,https://drive.google.com/open?id=1FW8JKE8CnHA0QldYHT1oQs5-59n7ik7B,Maria A. Sardjono,https://z-library.sk/book/25636159/9e4150/selendang-merah.html,https://s3proxy.cdn-zlib.sk/covers100/collections/userbooks/ce6d5f7f46b720ea329774ac43fde364732d56bc30116c192106dccfd815b842.jpg,https://res.cloudinary.com/duwgvawwz/image/upload/v1752843401/book_covers/Selendang_Merah.jpg,2025-07-19T10:19:43,pending,pdf,,28.21 MB,25636159,indonesian,Gramedia Pustaka Utama,keyword,Selendang Merah,2025-07-21T00:53:03,2019
"Surat Cinta untuk Negeri Seribu Labirin (Fitria Andriani Fakdawer, J. Edward T. etc.) (.pdf",https://drive.google.com/open?id=1T6P_50uPMm9ZNu6g-QCwsInSPr8QP9Xj,Fitria Andriani Fakdawer; J. Edward T.; Natalia Dessy; Rasid Woretma; Wempi Moom,https://z-library.sk/book/18173391/5c1dff/surat-cinta-untuk-negeri-seribu-labirin.html,https://s3proxy.cdn-zlib.sk/covers100/collections/userbooks/ad8dafb895abab85cf1d840971f13b7e140ff6b2dd20411d95ea3bc1dcb17018.jpg,https://res.cloudinary.com/duwgvawwz/image/upload/v1752850289/book_covers/Surat_Cinta_untuk_Negeri_Seribu_Labirin.jpg,2025-07-19T10:19:43,pending,pdf,,805 KB,18173391,indonesian,Cerah Budaya Indonesia,keyword,Surat Cinta untuk Negeri Seribu Labirin,2025-07-21T00:53:03,2018
Tarekat Naqsyabandiyah di Indonesia (Martin van Bruinessen).pdf,https://drive.google.com/open?id=14uAqJRHqynhGA2BA7xvEL2KEMyTnufhQ,Martin van Bruinessen,https://z-library.sk/book/21344740/20c24d/tarekat-naqsyabandiyah-di-indonesia.html,https://s3proxy.cdn-zlib.sk/covers100/collections/userbooks/7ca982619070453eb5941d50c091f0faf5bf7dc7945a5dd4161bebd295fe243d.jpg,https://res.cloudinary.com/duwgvawwz/image/upload/v1752845689/book_covers/Tarekat_Naqsyabandiyah_di_Indonesia.jpg,2025-07-19T10:19:43,pending,pdf,,6.92 MB,21344740,indonesian,Mizan,keyword,Tarekat Naqsyabandiyah di Indonesia,2025-07-21T00:53:03,1994
Yang Fana adalah Waktu (Sapardi Djoko Damono).pdf,https://drive.google.com/open?id=1OzcbPsdzWcPbrsVycqMKHPyBkZ6xbBhh,Sapardi Djoko Damono,https://z-library.sk/book/19196215/9f4c07/yang-fana-adalah-waktu.html,https://s3proxy.cdn-zlib.sk/covers100/collections/userbooks/f3c02f5007cf6627e9b65aefbe6a1ccbc788af92905e6497d6e8d29a8ae66061.jpg,https://res.cloudinary.com/duwgvawwz/image/upload/v1752839473/book_covers/Yang_Fana_adalah_Waktu.jpg,2025-07-19T10:19:43,pending,pdf,,910 KB,19196215,indonesian,Gramedia Pustaka Utama,keyword,Yang Fana adalah Waktu,2025-07-21T00:53:03,2018
The Lost Hero (Rick Riordan).pdf,https://drive.google.com/open?id=19Iu3CQ5MDJHo_aaDj08tgx99XSlRP_7G,Rick Riordan,https://z-library.sk/book/23401764/eef10e/the-lost-hero-pahlawan-yang-hilang.html,https://s3proxy.cdn-zlib.sk/covers100/collections/userbooks/64d2a5f2d1487ca36120aea38e51906765c8f5fba47a8b4f907419e9a28c385e.jpg,https://res.cloudinary.com/duwgvawwz/image/upload/v1752846348/book_covers/The_Lost_Hero_Pahlawan_yang_Hilang.jpg,2025-07-19T10:19:43,pending,pdf,,6.87 MB,23401764,indonesian,Mizan Fantasi,keyword,The Lost Hero (Pahlawan yang Hilang),2025-07-21T00:53:03,2010.0
Pembunuhan di Nihonbashi (The Newcomer) (Keigo Higashino).pdf,https://drive.google.com/open?id=1n_81sQsAgAeuK_x6PsZVDvqc4EYOMoyW,Keigo Higashino,https://z-library.sk/book/23428071/86cc55/pembunuhan-di-nihonbashi.html,https://s3proxy.cdn-zlib.sk/covers100/collections/userbooks/a568c035e639bc7b89f93458d5b8854502e49872693cee93bf5f02f370315439.jpg,https://res.cloudinary.com/duwgvawwz/image/upload/v1752840062/book_covers/Pembunuhan_di_Nihonbashi.jpg,2025-07-19T10:19:43,pending,pdf,,1.45 MB,23428071,indonesian,Gramedia Pustaka Utama,keyword,Pembunuhan di Nihonbashi,2025-07-21T00:53:03,2020
20 Origami Hewan Kreasi Baru yang Menawan (Hadi Tahir).pdf,https://drive.google.com/open?id=1TR7d5ZBJ1f6T3VAJLTbtv4g3c9XUvr1s,Hadi Tahir,https://z-library.sk/book/19187793/786d2b/20-origami-hewan-kreasi-baru-yang-menawan.html,https://s3proxy.cdn-zlib.sk/covers100/collections/userbooks/501b70e8a5f484918c0cad2d6823f93dbf0bf75c1079c09b4b30039013b87fee.jpg,https://res.cloudinary.com/duwgvawwz/image/upload/v1752843651/book_covers/20_Origami_Hewan_Kreasi_Baru_yang_Menawan.jpg,2025-07-19T10:19:43,in_progress,pdf,,7.10 MB,19187793,indonesian,PT. Gramedia Pustaka Utama,keyword,20 Origami Hewan: Kreasi Baru yang Menawan,2025-07-20T18:00:41,2013
Arjuna Tidak Mencari Cinta Kumpulan Cerpen (Agung Webe).pdf,https://drive.google.com/open?id=150qDKPAnW6XpMYXyyb8aTSwordzCGb6w,Agung Webe,https://z-library.sk/book/23606817/a44e08/arjuna-tidak-mencari-cinta-kumpulan-cerita.html,https://s3proxy.cdn-zlib.sk/covers100/collections/userbooks/bef76207cba3d01ce692cc33a7a9fe8e1ee73138d239388c7d77e7292f8305d4.jpg,https://res.cloudinary.com/duwgvawwz/image/upload/v1752850482/book_covers/Arjuna_Tidak_Mencari_Cinta_Kumpulan_Cerita.jpg,2025-07-19T10:19:43,pending,pdf,,1.06 MB,23606817,indonesian,Soul Journey,keyword,Arjuna Tidak Mencari Cinta (Kumpulan Cerita),2025-07-21T00:53:03,2016
25 Resep Ikan Goreng Bumbu Sedap ala Sisca Soewitomo Step by Step (Petra Aquina Intari.pdf,https://drive.google.com/open?id=1DnFOxy809XGVpe_ZVmfrnFVP5jyVc-81,Petra Aquina & Intarina Hardiman (editor),https://z-library.sk/book/25253479/e1b274/25-resep-ikan-goreng-bumbu-sedap-ala-sisca-soewitomo-step-by-step.html,https://s3proxy.cdn-zlib.sk/covers100/collections/userbooks/63be6c69533139ec77a3da89702f6660a96dea0fd1c587a99cffeb9f5ea6d93b.jpg,https://res.cloudinary.com/duwgvawwz/image/upload/v1752843515/book_covers/25_Resep_Ikan_Goreng_Bumbu_Sedap_ala_Sisca_Soewitomo_Step_by_Step.jpg,2025-07-19T10:19:43,pending,pdf,,6.88 MB,25253479,indonesian,Gramedia Pustaka Utama,keyword,25 Resep Ikan Goreng Bumbu Sedap ala Sisca Soewitomo: Step by Step,2025-07-21T00:53:03,2015
Berislam Seperti Kanak-Kanak (Kalis Mardiasih).pdf,https://drive.google.com/open?id=1rdfiEWJMCf_1Aqw5Lbn1BhSUMm4d0gNs,Kalis Mardiasih,https://z-library.sk/book/11940329/995fc8/berislam-seperti-kanakkanak.html,https://s3proxy.cdn-zlib.sk/covers100/collections/userbooks/a0ea2f26e2f38a39542cd7121ce7dd4ed5ee735a32b1c57eb86661cb839cc0a3.jpg,https://res.cloudinary.com/duwgvawwz/image/upload/v1752847484/book_covers/Berislam_Seperti_KanakKanak.jpg,2025-07-19T10:19:43,in_progress,pdf,,3.77 MB,11940329,indonesian,Yayasan Islam Cinta Indonesia,keyword,Berislam Seperti Kanak-Kanak,2025-07-20T18:00:39,2018
BUKA-BUKAAN DUNIA TAMBANG ( etc.).pdf,https://drive.google.com/open?id=1Da74sg30-unLimFo7xUTdi4HiS1Y6btZ,Peserta Sustainable Mining Bootcamp Newmont [Newmont; Peserta Sustainable Mining Bootcamp],https://z-library.sk/book/16405786/857789/bukabukaan-dunia-tambang.html,https://s3proxy.cdn-zlib.sk/covers100/collections/userbooks/69e2bc27fa2e96a98c258a6dff1710f2c8eced0d40fe96851e6da8f568b01e90.jpg,https://res.cloudinary.com/duwgvawwz/image/upload/v1752845799/book_covers/BUKABUKAAN_DUNIA_TAMBANG.jpg,2025-07-19T10:19:43,in_progress,pdf,,2.67 MB,16405786,indonesian,Mizan Pustaka,keyword,BUKA-BUKAAN DUNIA TAMBANG,2025-07-20T18:00:39,2016
Beda-Beda Tetap Sama-Sama Teladan Saling Menghargai Perbedaan Imam Empat Mazhab (Siti A.pdf,https://drive.google.com/open?id=1e4iv7eaiFvQmwcu6FbyRPncbIlCAqN6F,Siti Aisah,https://z-library.sk/book/11992336/573375/bedabeda-tetap-samasama-teladan-saling-menghargai-perbedaan-imam-empat-mazhab.html,https://s3proxy.cdn-zlib.sk/covers100/collections/userbooks/7ff732b0e3f62de72b1ee576a77981122d8067723e10063354281e73e539bdd7.jpg,https://res.cloudinary.com/duwgvawwz/image/upload/v1752847471/book_covers/BedaBeda_Tetap_SamaSama_Teladan_Saling_Menghargai_Perbedaan_Imam_Empat_Mazhab.jpg,2025-07-19T10:19:43,in_progress,pdf,,2.42 MB,11992336,indonesian,Yayasan Islam Cinta Indonesia,keyword,Beda-Beda Tetap Sama-Sama: Teladan Saling Menghargai Perbedaan Imam Empat Mazhab,2025-07-20T18:00:39,2018
Catatan Perjalanan Cinta Rindu (R. Bagus Herwindro).pdf,https://drive.google.com/open?id=1dadndOJhAcuUUMRiUuF8zRQ3xT60RiRl,R. Bagus Herwindro,https://z-library.sk/book/18192607/8539ee/catatan-perjalanan-cinta-rindu.html,https://s3proxy.cdn-zlib.sk/covers100/collections/userbooks/3e61220a35582cc8fa9fd4c90bb0b2ba0fca76665e5d27461ca6b0666c143a0b.jpg,https://res.cloudinary.com/duwgvawwz/image/upload/v1752848766/book_covers/Catatan_Perjalanan_Cinta__Rindu.jpg,2025-07-19T10:19:43,in_progress,pdf,,1.53 MB,18192607,indonesian,PanduMedia,keyword,Catatan Perjalanan Cinta & Rindu,2025-07-20T18:00:40,2020
Cara Mudah Membuat Shibori + Step by Step (Ami Wahyuni Tati Supardi).pdf,https://drive.google.com/open?id=1GQX1WvStQZaIIu1fVMmQ3CO9wBPGLnTQ,Ami Wahyuni & Tati Supardi,https://z-library.sk/book/118343435/d0b48c/cara-mudah-membuat-shibori-step-by-step.html,https://s3proxy.cdn-zlib.sk/covers100/collections/userbooks/7617f1d97c054aa173657e0b3a07ce8050298140d93604d511d0fe4932acaf41.jpg,https://res.cloudinary.com/duwgvawwz/image/upload/v1752842287/book_covers/Cara_Mudah_Membuat_Shibori__Step_by_Step.jpg,2025-07-19T10:19:43,in_progress,pdf,,7.69 MB,118343435,indonesian,Gramedia Pustaka Utama,keyword,Cara Mudah Membuat Shibori + Step by Step,2025-07-20T18:00:39,2017
"Cinta, Tawa, dan Air Mata (Kahlil Gibran).pdf",https://drive.google.com/open?id=1OCTnoQHyGVgiJ9gS_PunQ9hifi8WSIFa,Kahlil Gibran,https://z-library.sk/book/12146260/a8579a/cinta-tawa-dan-air-mata.html,https://s3proxy.cdn-zlib.sk/covers100/collections/userbooks/0bfe10a32e44aba743fb7bfd7b360e7df6173c9a988f7c1161570a3fc2cbe848.jpg,https://res.cloudinary.com/duwgvawwz/image/upload/v1752846732/book_covers/Cinta_Tawa_dan_Air_Mata.jpg,2025-07-19T10:19:43,in_progress,pdf,,2.10 MB,12146260,indonesian,Narasi,keyword,"Cinta, Tawa, dan Air Mata",2025-07-20T18:00:39,2007
Daruma-San (Fida Aifiya).pdf,https://drive.google.com/open?id=1cmlwVILIgnw02vKFFnIcUyZ8MITh8KBl,Fida Aifiya,https://z-library.sk/book/118294282/e19aba/darumasan.html,https://s3proxy.cdn-zlib.sk/covers100/collections/userbooks/b4299b144b39852f12713b634313a8af78a90488182e5b3c4478bf789a51d8a2.jpg,https://res.cloudinary.com/duwgvawwz/image/upload/v1752846607/book_covers/DarumaSan.jpg,2025-07-19T10:19:43,in_progress,pdf,,6.24 MB,118294282,indonesian,DAR! Mizan,keyword,Daruma-San,2025-07-20T18:00:39,2015.0
Cinderella dan Empat Kesatria2 Cinderella and Four Knights2 (Indonesian Edition) (Baek.pdf,https://drive.google.com/open?id=14NZIZPMNzg7-l-uEUvkpvHtwygIZCRsn,Baek Myo,https://z-library.sk/book/5774304/36acfe/cinderella-dan-empat-kesatria-2.html,https://s3proxy.cdn-zlib.sk/covers100/collections/userbooks/db2753fc1b6d6347dcbfa2bea5f63b1e7e99071415ccdccaf344e2f61b1baee8.png,https://res.cloudinary.com/duwgvawwz/image/upload/v1752841638/book_covers/Cinderella_dan_Empat_Kesatria_2.jpg,2025-07-19T10:19:43,pending,pdf,,47.77 MB,5774304,english,PT. Gramedia Pustaka Utama,keyword,Cinderella dan Empat Kesatria 2,2025-07-21T00:53:03,2020
Atas Nama Cinta Sebuah Puisi Esai (Denny J.A.).pdf,https://drive.google.com/open?id=1_vghsnO3UbFor-bpv-1FnNxQKdZt4HGa,Denny J.A.,https://z-library.sk/book/18228636/dec346/atas-nama-cinta-sebuah-puisi-esai.html,https://s3proxy.cdn-zlib.sk/covers100/collections/userbooks/6d76dd9b5dc55a48b12f79c394f7e5384f763d523d94e8793dbe1ba5e98cf161.jpg,https://res.cloudinary.com/duwgvawwz/image/upload/v1752848920/book_covers/Atas_Nama_Cinta_Sebuah_Puisi_Esai.jpg,2025-07-19T10:19:43,in_progress,pdf,,8.17 MB,18228636,indonesian,Renebook,keyword,Atas Nama Cinta: Sebuah Puisi Esai,2025-07-20T18:00:40,2012
"Dear Allah, Berilah Aku Cinta (Pungkit Wijaya).pdf",https://drive.google.com/open?id=1-GsvmMHQtc5p6qn2oy4YLrcxetchpDeI,Pungkit Wijaya,https://z-library.sk/book/11835181/7adc37/dear-allah-berilah-aku-cinta.html,https://s3proxy.cdn-zlib.sk/covers100/collections/userbooks/f65a93a560afbb59e0ca0dd962327581d75cdc79b8e6cca89bda31cd7fea6383.jpg,https://res.cloudinary.com/duwgvawwz/image/upload/v1752846690/book_covers/Dear_Allah_Berilah_Aku_Cinta.jpg,2025-07-19T10:19:43,in_progress,pdf,,6.56 MB,11835181,indonesian,Yayasan Islam Cinta Indonesia,keyword,"Dear Allah, Berilah Aku Cinta",2025-07-20T18:00:39,2018
"How to make Passive Income Money, mind and journey to freedom (Mizan Ali).mobi",https://drive.google.com/open?id=1n1lnzIMQ_NzSWEntyeNA1DaLODigXDJQ,Mizan Ali,https://z-library.sk/book/116173045/a4d5bc/how-to-make-passive-income-money-mind-and-journey-to-freedom.html,https://s3proxy.cdn-zlib.sk/covers100/collections/userbooks/e72a6162838a554123293a9c18c85b7826cf9af3be26854e5827461b901be21f.jpg,https://res.cloudinary.com/duwgvawwz/image/upload/v1752846571/book_covers/How_to_make_Passive_Income_Money_mind_and_journey_to_freedom.jpg,2025-07-19T10:19:43,in_progress,mobi,,203 KB,116173045,english,,keyword,"How to make Passive Income: Money, mind and journey to freedom",2025-07-20T17:59:26,2022
Demokrasi di Indonesia Dari Stagnasi ke Regresi (Thomas Power Eve Warburton) (Z-Library.pdf,https://drive.google.com/open?id=1QDepMZUXIXsJMgpBTEM9lOvS5h5YviqI,Thomas Power & Eve Warburton (editor),https://z-library.sk/book/21239502/a52ec6/demokrasi-di-indonesia-dari-stagnasi-ke-regresi.html,https://s3proxy.cdn-zlib.sk/covers100/collections/userbooks/8474f38f1238fee223b0536b6eb46f409c2c280f68083173630c72ce00783af7.jpg,https://res.cloudinary.com/duwgvawwz/image/upload/v1752841104/book_covers/Demokrasi_di_Indonesia_Dari_Stagnasi_ke_Regresi.jpg,2025-07-19T10:19:43,in_progress,pdf,,9.85 MB,21239502,indonesian,Kepustakaan Populer Gramedia,keyword,Demokrasi di Indonesia: Dari Stagnasi ke Regresi?,2025-07-20T18:00:41,2021
"How to Explore Your Child Ability Menggali Potensi Anak Sejak Usia Dini (Jumiarti Agus,.pdf",https://drive.google.com/open?id=1E5ZaOB4-v7Ac4K9RechdF5QvsVMtVoHo,Jumiarti Agus; Ph.D.,https://z-library.sk/book/19182980/65b11d/how-to-explore-your-child-ability-menggali-potensi-anak-sejak-usia-dini.html,https://s3proxy.cdn-zlib.sk/covers100/collections/userbooks/565f21746bf698bd2e29a86c2026b4c31b8852f64c29ee2a4fb537b6b97c1ba3.jpg,https://res.cloudinary.com/duwgvawwz/image/upload/v1752847479/book_covers/How_to_Explore_Your_Child_Ability_Menggali_Potensi_Anak_Sejak_Usia_Dini.jpg,2025-07-19T10:19:43,in_progress,pdf,,4.56 MB,19182980,indonesian,Aku Cinta Indonesia Kita (ACIKITA),keyword,How to Explore Your Child Ability: Menggali Potensi Anak Sejak Usia Dini,2025-07-20T18:00:41,2020
"Islam, Otoritarianisme, Dan Ketertinggalan (Ahmet T. Kuru).pdf",https://drive.google.com/open?id=1ijyoKYCINBXZvFUYIC9enx8GA8xX_nXl,Ahmet T. Kuru,https://z-library.sk/book/29661215/8a0b4e/islam-otoritarianisme-dan-ketertinggalan-perbandingan-lintas-zaman-dan-kawasan-di-dunia-muslim.html,https://s3proxy.cdn-zlib.sk/covers100/collections/userbooks/a5dac09948e96138ea496b14d03ab3002329435922d8ff7e68b860fe8c3efb21.png,https://res.cloudinary.com/duwgvawwz/image/upload/v1752841848/book_covers/Islam_Otoritarianisme_dan_Ketertinggalan_Perbandingan_Lintas_Zaman_dan_Kawasan_di_Dunia_Muslim.jpg,2025-07-19T10:19:43,pending,pdf,,8.88 MB,29661215,indonesian,Kepustakaan Populer Gramedia,keyword,"Islam, Otoritarianisme, dan Ketertinggalan: Perbandingan Lintas Zaman dan Kawasan di Dunia Muslim",2025-07-21T00:53:03,2020
Kalau Jihad Gak Usah Jahat Meneladani Jihad Akhlak ala Rasulullah (Rovii).pdf,https://drive.google.com/open?id=1LtfPhVXWMGHyt4F4DFKX60NcxP-rJUfI,Rovi'i,https://z-library.sk/book/11831523/e8f15c/kalau-jihad-gak-usah-jahat-meneladani-jihad-akhlak-ala-rasulullah.html,https://s3proxy.cdn-zlib.sk/covers100/collections/userbooks/bdc98c343d7b29d3f4e4f1365add00e8bf657f03a82ed6967d7dc318458e8456.jpg,https://res.cloudinary.com/duwgvawwz/image/upload/v1752847407/book_covers/Kalau_Jihad_Gak_Usah_Jahat_Meneladani_Jihad_Akhlak_ala_Rasulullah.jpg,2025-07-19T10:19:43,in_progress,pdf,,9.28 MB,11831523,indonesian,Yayasan Islam Cinta Indonesia,keyword,Kalau Jihad Gak Usah Jahat: Meneladani Jihad Akhlak ala Rasulullah,2025-07-20T18:00:39,2018
Jihad Perempuan Milenial Makna Jihad bagi Perempuan (Anisa).pdf,https://drive.google.com/open?id=1PyrtYquhGTPhElRMqFnNJX7VUfGtBDoh,Anisa,https://z-library.sk/book/12001838/6d1dbb/jihad-perempuan-milenial-makna-jihad-bagi-perempuan.html,https://s3proxy.cdn-zlib.sk/covers100/collections/userbooks/fbe00c4dd6501ac1c77a63aec245ef81931b1e13bb30f74e75cff82bae37cbc6.jpg,https://res.cloudinary.com/duwgvawwz/image/upload/v1752847420/book_covers/Jihad_Perempuan_Milenial_Makna_Jihad_bagi_Perempuan.jpg,2025-07-19T10:19:43,in_progress,pdf,,2.39 MB,12001838,indonesian,Yayasan Islam Cinta Indonesia,keyword,Jihad Perempuan Milenial: Makna Jihad bagi Perempuan,2025-07-20T18:00:39,2018
Jupuken Aqidahmu Saka Al-Quran lan Sunnah (Syaikh Muhammad Jamil Zainu).pdf,https://drive.google.com/open?id=1J2cb043-cz5kKbloAFlP7WtLmOI4skJ8,Syaikh Muhammad Jamil Zainu,https://z-library.sk/book/18263395/f75268/jupuken-aqidahmu-saka-alquran-lan-sunnah.html,https://s3proxy.cdn-zlib.sk/covers100/collections/userbooks/992d4d694cd7e6633c8f23f74ba036e5883f8fe5c5a28b22b6efd41c42b93db7.jpg,https://res.cloudinary.com/duwgvawwz/image/upload/v1752849997/book_covers/Jupuken_Aqidahmu_Saka_AlQuran_lan_Sunnah.jpg,2025-07-19T10:19:43,in_progress,pdf,,35.12 MB,18263395,indonesian,Cinta Sedekah,keyword,Jupuken Aqidahmu Saka Al-Quran lan Sunnah,2025-07-20T18:00:40,2021
Ku Cinta Kau dan DIA Sepenuh Hati Mencintaimu Setelah Mencintai DIA (DuniaJilbab Ririn.pdf,https://drive.google.com/open?id=1ih_T7RAub9k07XbrK95f0Cuf10nKtxzo,@DuniaJilbab & Ririn Astutiningrum,https://z-library.sk/book/11940766/39fd01/ku-cinta-kau-dan-dia-sepenuh-hati-mencintaimu-setelah-mencintai-dia.html,https://s3proxy.cdn-zlib.sk/covers100/collections/userbooks/48a10e60023a65cf6377dca8b19d50d1e478d613e1a614b04981c3a6f82e5850.jpg,https://res.cloudinary.com/duwgvawwz/image/upload/v1752848736/book_covers/Ku_Cinta_Kau_dan_DIA_Sepenuh_Hati_Mencintaimu_Setelah_Mencintai_DIA.jpg,2025-07-19T10:19:43,in_progress,pdf,,7.93 MB,11940766,indonesian,WahyuQolbu,keyword,Ku Cinta Kau dan DIA: Sepenuh Hati Mencintaimu Setelah Mencintai DIA,2025-07-20T18:00:39,2016
Bukan Guru Umar Bakrie... Menjadi Guru Cerdas Finansial (Zainal Umuri).pdf,https://drive.google.com/open?id=18zfNJ--FXHPbIgscBcuI2IfnMtvlVJZG,Zainal Umuri,https://z-library.sk/book/21471635/b1b122/bukan-guru-umar-bakrie-menjadi-guru-cerdas-finansial.html,https://s3proxy.cdn-zlib.sk/covers100/collections/userbooks/bb950f869d8e383b479d779107b27afb3d2e78138a8103ea115cfc47ee2590c8.jpg,https://res.cloudinary.com/duwgvawwz/image/upload/v1752844722/book_covers/Bukan_Guru_Umar_Bakrie_Menjadi_Guru_Cerdas_Finansial.jpg,2025-07-19T10:19:43,in_progress,pdf,,9.78 MB,21471635,indonesian,PT. Gramedia Pustaka Utama,keyword,Bukan Guru Umar Bakrie...: Menjadi Guru Cerdas Finansial,2025-07-20T18:00:41,2011
Kiki dan Komplotannya Resiko Kandungan (Arswendo Atmowiloto).pdf,https://drive.google.com/open?id=1WR33ppNv_YH9WvdwkroPYbTmi8qing0O,Arswendo Atmowiloto,https://z-library.sk/book/118629020/8dec29/kiki-dan-komplotannya-resiko-kandungan.html,https://s3proxy.cdn-zlib.sk/covers100/collections/userbooks/840dbbfb3da14d1bff8bb769721ee63c266f52a1491925141205344373253f66.jpg,https://res.cloudinary.com/duwgvawwz/image/upload/v1752842255/book_covers/Kiki_dan_Komplotannya_Resiko_Kandungan.jpg,2025-07-19T10:19:43,in_progress,pdf,,7.49 MB,118629020,indonesian,Gramedia Pustaka Utama,keyword,Kiki dan Komplotannya: Resiko Kandungan,2025-07-20T18:00:39,1981
"Kumpulan Pantun Cinta, Kasih Sayang, Persahabatan, Nasihat, Agama, Teka-Teki, Jenaka (L.pdf",https://drive.google.com/open?id=1mte5M4wVdqYt_Sw8dPquNoyb-uY1NMie,Prito Windiarto,https://z-library.sk/book/18232902/307219/kumpulan-pantun-cinta-kasih-sayang-persahabatan-nasihat-agama-tekateki-jenaka-lucu-dan-sed.html,https://s3proxy.cdn-zlib.sk/covers100/collections/userbooks/cee5549e4a677945db90d2e3220e0792cc7faa6173a50e9b955d39429137fbd6.jpg,https://res.cloudinary.com/duwgvawwz/image/upload/v1752846960/book_covers/Kumpulan_Pantun_Cinta_Kasih_Sayang_Persahabatan_Nasihat_Agama_TekaTeki_Jenaka_Lucu_dan_Sedih.jpg,2025-07-19T10:19:43,in_progress,pdf,,580 KB,18232902,indonesian,Arfan Publisher,keyword,"Kumpulan Pantun Cinta, Kasih Sayang, Persahabatan, Nasihat, Agama, Teka-Teki, Jenaka (Lucu), dan Sedih",2025-07-20T18:00:40,2021
Cegah Stunting Sebelum Genting Peran Remaja dalam Pencegahan Stunting (Tanoto Foundatio.pdf,https://drive.google.com/open?id=1Y1mwyreEpNgvsUxdneRF3OHSmfSQy9U2,Tanoto Foundation,https://z-library.sk/book/18333573/af8deb/cegah-stunting-sebelum-genting-peran-remaja-dalam-pencegahan-stunting.html,https://s3proxy.cdn-zlib.sk/covers100/collections/userbooks/7a3e2473955f5b6cab652f3422328d4c916e683c7dd3798b69b764d76cc2ebe7.jpg,https://res.cloudinary.com/duwgvawwz/image/upload/v1752841096/book_covers/Cegah_Stunting_Sebelum_Genting_Peran_Remaja_dalam_Pencegahan_Stunting.jpg,2025-07-19T10:19:43,in_progress,pdf,,27.60 MB,18333573,indonesian,Kepustakaan Populer Gramedia,keyword,Cegah Stunting Sebelum Genting: Peran Remaja dalam Pencegahan Stunting,2025-07-20T18:00:40,2021
Kutunggu di Setiap Kamisan Kisah Cinta yang Terselip di 400 Kamis Seberang Istana (Sebu.pdf,https://drive.google.com/open?id=1b-58zLiehL0DL7T8P5VVRSHBeDl2gEmj,Denny J.A.,https://z-library.sk/book/18218278/91b2df/kutunggu-di-setiap-kamisan-kisah-cinta-yang-terselip-di-400-kamis-seberang-istana-sebuah-puisi-es.html,https://s3proxy.cdn-zlib.sk/covers100/collections/userbooks/9dba52252ee8cb7708e5b6f39b2cdcfe201c422214223baa3609fc5b9cd0d3b0.jpg,https://res.cloudinary.com/duwgvawwz/image/upload/v1752848912/book_covers/Kutunggu_di_Setiap_Kamisan_Kisah_Cinta_yang_Terselip_di_400_Kamis_Seberang_Istana_Sebuah_Puisi_Esai.jpg,2025-07-19T10:19:43,uploaded,pdf,https://drive.google.com/open?id=1smnjyWw1T1UMIg6nmUznfivYh-c7DEJf,6.28 MB,18218278,indonesian,Cerah Budaya Indonesia,keyword,Kutunggu di Setiap Kamisan (Kisah Cinta yang Terselip di 400 Kamis Seberang Istana): Sebuah Puisi Esai,2025-07-20T17:54:49,2018
"Makin Mengimani, Makin Menghargai Kisah Toleransi Ulama dan Bapak Bangsa (Sukron Abdila.pdf",https://drive.google.com/open?id=1SDKpnwbH8sRburHTPESa9h2HbaYaG7a3,Sukron Abdilah,https://z-library.sk/book/11844060/05d0ab/makin-mengimani-makin-menghargai-kisah-toleransi-ulama-dan-bapak-bangsa.html,https://s3proxy.cdn-zlib.sk/covers100/collections/userbooks/9eba7b445ea17c8c75669997f2833afe5a5713dd15abf3df292c1e4909f965e0.jpg,https://res.cloudinary.com/duwgvawwz/image/upload/v1752847491/book_covers/Makin_Mengimani_Makin_Menghargai_Kisah_Toleransi_Ulama_dan_Bapak_Bangsa.jpg,2025-07-19T10:19:43,in_progress,pdf,,5.39 MB,11844060,indonesian,Yayasan Islam Cinta Indonesia,keyword,"Makin Mengimani, Makin Menghargai: Kisah Toleransi Ulama dan Bapak Bangsa",2025-07-20T18:00:39,2018
Meraih Cinta-Nya (Perjuangan Hidup Sebagai Muslim di Manca Negara untuk Menegakkan Dien.pdf,https://drive.google.com/open?id=1EAqbOhyOgTC8B1Oy8klR29jd_-UzCA0Z,Ellys Yuninda Harahap; Jumiarti Agus; Mira Suprayatmi; Nurhalita Diny; Yuli Hastadewi; Rina Fitriana; Mulla Kemalawaty; Yeni Mulia; Dwi Indah Lestari; Sri Zein; Nengsi Rova; Irawati Prillia; Desti J. Basuki,https://z-library.sk/book/19172178/81d924/meraih-cintanya-perjuangan-hidup-sebagai-muslim-di-manca-negara-untuk-menegakkan-diennya.html,https://s3proxy.cdn-zlib.sk/covers100/collections/userbooks/4160408cba1e2f16d3f4d1a48c2260476c334544b5203d85fe406a6a3da88c0d.jpg,https://res.cloudinary.com/duwgvawwz/image/upload/v1752847539/book_covers/Meraih_CintaNya_Perjuangan_Hidup_Sebagai_Muslim_di_Manca_Negara_untuk_Menegakkan_DienNya.jpg,2025-07-19T10:19:43,in_progress,pdf,,4.98 MB,19172178,indonesian,Aku Cinta Indonesia Kita (ACIKITA),keyword,Meraih Cinta-Nya (Perjuangan Hidup Sebagai Muslim di Manca Negara untuk Menegakkan Dien-Nya),2025-07-20T18:00:41,2019
"Membela Islam, Membela Kemanusiaan (Fajar Riza Ul Haq).mobi",https://drive.google.com/open?id=1_g_k5p9X_HFdL2dAzprSnBdCufVYjF8n,Fajar Riza Ul Haq,https://z-library.sk/book/21464471/1a1db3/membela-islam-membela-kemanusiaan.html,https://s3proxy.cdn-zlib.sk/covers100/collections/userbooks/7d6622073a91f90153b87f75e767a70fad54814f1ac49a0b35d5ca73778b0d25.jpg,https://res.cloudinary.com/duwgvawwz/image/upload/v1752845430/book_covers/Membela_Islam_Membela_Kemanusiaan.jpg,2025-07-19T10:19:43,in_progress,mobi,,1.74 MB,21464471,indonesian,Mizan Pustaka,keyword,"Membela Islam, Membela Kemanusiaan",2025-07-20T18:00:41,2018
Narasi Cinta di Balik Ujian-Nya (Ummu Ahya).pdf,https://drive.google.com/open?id=1gJX-egSjDz5nWXsRkFMOOxMwagqSHwQl,Ummu Ahya,https://z-library.sk/book/18252367/14f707/narasi-cinta-di-balik-ujiannya.html,https://s3proxy.cdn-zlib.sk/covers100/collections/userbooks/610cad7d08b8b2308f67a620b2d54222870253d524bab7a1355b28eb716890ff.jpg,https://res.cloudinary.com/duwgvawwz/image/upload/v1752848463/book_covers/Narasi_Cinta_di_Balik_UjianNya.jpg,2025-07-19T10:19:43,in_progress,pdf,,4.36 MB,18252367,indonesian,Kyu Digital Books,keyword,Narasi Cinta di Balik Ujian-Nya,2025-07-20T18:00:40,2020
PERGULATAN IMAN DAN MATERIALISME HIKMAH SURAH AL-KAHFI (Abul Hasan Ali An Nadwi) (Z-Lib.pdf,https://drive.google.com/open?id=12YGMUyQX9n4qDlRe-jq79N3Z1F3LY5qH,Abul Hasan Ali An Nadwi,https://z-library.sk/book/19141416/0af259/pergulatan-iman-dan-materialisme-hikmah-surah-alkahfi.html,https://s3proxy.cdn-zlib.sk/covers100/collections/userbooks/e40f4f2675e1d7f59a0410328a47ce45402b8c9c19c31c814c34601bc271e27e.jpg,https://res.cloudinary.com/duwgvawwz/image/upload/v1752845806/book_covers/PERGULATAN_IMAN_DAN_MATERIALISME_HIKMAH_SURAH_ALKAHFI.jpg,2025-07-19T10:19:43,in_progress,pdf,,5.97 MB,19141416,indonesian,Mizan,keyword,PERGULATAN IMAN DAN MATERIALISME HIKMAH SURAH AL-KAHFI,2025-07-20T18:00:41,1993
Kece Tanpa Kere Strategi SayangUangnya untuk Mengatur Keuangan ala Kaum Muda (Tim Bank.pdf,https://drive.google.com/open?id=10VltVWNPgCoxDWnoaNJlondEfVvLUb1E,Tim Bank Permata,https://z-library.sk/book/11929573/e2bbdf/kece-tanpa-kere-strategi-sayanguangnya-untuk-mengatur-keuangan-ala-kaum-muda.html,https://s3proxy.cdn-zlib.sk/covers100/collections/userbooks/3af13520bfb6614410e968667e35d2c5f9ebdca8ae830bf475afb2dfaf132f78.jpg,https://res.cloudinary.com/duwgvawwz/image/upload/v1752839571/book_covers/Kece_Tanpa_Kere_Strategi_SayangUangnya_untuk_Mengatur_Keuangan_ala_Kaum_Muda.jpg,2025-07-19T10:19:43,in_progress,pdf,,7.46 MB,11929573,indonesian,PT. Gramedia Pustaka Utama,keyword,Kece Tanpa Kere: Strategi #SayangUangnya untuk Mengatur Keuangan ala Kaum Muda,2025-07-20T18:00:39,2017
Pendidikan Karakter ACPI Model Pendidikan Karakter Bangsa untuk Kemandirian Pangan Mela.pdf,https://drive.google.com/open?id=1JhZCRCK5AlczgxGkAyRHcpdhO1dArxrF,Dr. Nurul Zuriah; M.Si.; Dr. Moh. Syaifuddin; M.M.; Drs. Marhan Taufik; M.Si.,https://z-library.sk/book/18325760/29cd53/pendidikan-karakter-acpi-model-pendidikan-karakter-bangsa-untuk-kemandirian-pangan-melalui-gerakan.html,https://s3proxy.cdn-zlib.sk/covers100/collections/userbooks/0eea35a8aeb3bfa2dc74d1196157e90e33e2717b92f4376956d8638ef0081b17.jpg,https://res.cloudinary.com/duwgvawwz/image/upload/v1752848859/book_covers/Pendidikan_Karakter_ACPI_Model_Pendidikan_Karakter_Bangsa_untuk_Kemandirian_Pangan_Melalui_Gerakan_A.jpg,2025-07-19T10:19:43,in_progress,pdf,,3.09 MB,18325760,indonesian,Surya Pena Gemilang,keyword,Pendidikan Karakter ACPI: Model Pendidikan Karakter Bangsa untuk Kemandirian Pangan Melalui Gerakan Aku Cinta Produk Indonesia,2025-07-20T18:00:40,2017
"Potret Sehari-hari Imam Khomeini Momen-Momen Cinta, Keluarga, Shalat Doa, Ketulusan....pdf",https://drive.google.com/open?id=1UQBpL2wb4Tp12qWLnhIh11Crg9DO6nhc,Leinovar Bahseyn (penerjemah),https://z-library.sk/book/12244147/e9778a/potret-seharihari-imam-khomeini-momenmomen-cinta-keluarga-shalat-doa-ketulusan.html,https://s3proxy.cdn-zlib.sk/covers100/collections/userbooks/1a5549cbc927c34d1e2ff35ecad9bdb6465790c1d7ac66928a1ae20f5428f904.jpg,https://res.cloudinary.com/duwgvawwz/image/upload/v1752848683/book_covers/Potret_Seharihari_Imam_Khomeini_MomenMomen_Cinta_Keluarga_Shalat__Doa_Ketulusan.jpg,2025-07-19T10:19:43,in_progress,pdf,,1.95 MB,12244147,indonesian,Pustaka IIMaN,keyword,"Potret Sehari-hari Imam Khomeini: Momen-Momen Cinta, Keluarga, Shalat & Doa, Ketulusan...",2025-07-20T18:00:39,2006
Teknik Menghilangkan Stres dari Otak Serotonin dan Air Mata Pengubah Hidup (Arita Hideh.pdf,https://drive.google.com/open?id=1NijFFchI1wGc6wXB99dDxqTKieooxaWG,Arita Hideho,https://z-library.sk/book/116155175/6f2170/teknik-menghilangkan-stres-dari-otak-serotonin-dan-air-mata-pengubah-hidup.html,https://s3proxy.cdn-zlib.sk/covers100/collections/userbooks/b3afc151d0d4071bba2d71c81de84ada13ad1c31690ff86b478d1238c6baec7b.jpg,https://res.cloudinary.com/duwgvawwz/image/upload/v1752840625/book_covers/Teknik_Menghilangkan_Stres_dari_Otak_Serotonin_dan_Air_Mata_Pengubah_Hidup.jpg,2025-07-19T10:19:43,in_progress,pdf,,2.14 MB,116155175,indonesian,Gramedia Pustaka Utama,keyword,Teknik Menghilangkan Stres dari Otak: Serotonin dan Air Mata Pengubah Hidup,2025-07-20T17:59:26,2021
"Selain Cinta, Apa yang Membuatmu Ada (Silmi Novita Nurman).pdf",https://drive.google.com/open?id=1_c2X6wXV-KUkLm0rGYvBgbupmhKXOoBM,Silmi Novita Nurman,https://z-library.sk/book/11835053/b34c32/selain-cinta-apa-yang-membuatmu-ada.html,https://s3proxy.cdn-zlib.sk/covers100/collections/userbooks/e874742bbc2988088af03cda13aaa715cfb5cb0dcfd08688a23c619e89bf4233.jpg,https://res.cloudinary.com/duwgvawwz/image/upload/v1752846697/book_covers/Selain_Cinta_Apa_yang_Membuatmu_Ada.jpg,2025-07-19T10:19:43,in_progress,pdf,,6.34 MB,11835053,indonesian,Yayasan Islam Cinta Indonesia,keyword,"Selain Cinta, Apa yang Membuatmu Ada?",2025-07-20T18:00:39,2018
Tetesan Peluh Ibu Cerita yang Tak Pernah Usai dengan Cinta yang Tak Terhingga (Umi Sala.pdf,https://drive.google.com/open?id=1b8qO5iR-VWVki1EniDVYp9GegZ9ECZb7,Umi Salamah (editor),https://z-library.sk/book/118638440/d353a0/tetesan-peluh-ibu-cerita-yang-tak-pernah-usai-dengan-cinta-yang-tak-terhingga.html,https://s3proxy.cdn-zlib.sk/covers100/collections/userbooks/fb0031f4bf9e1e4118f9427323953e467915ad8f9957371e9bd759102cd96825.jpg,https://res.cloudinary.com/duwgvawwz/image/upload/v1752849371/book_covers/Tetesan_Peluh_Ibu_Cerita_yang_Tak_Pernah_Usai_dengan_Cinta_yang_Tak_Terhingga.jpg,2025-07-19T10:19:43,in_progress,pdf,,5.97 MB,118638440,indonesian,Alineaku,keyword,Tetesan Peluh Ibu: Cerita yang Tak Pernah Usai dengan Cinta yang Tak Terhingga,2025-07-20T18:00:39,2025
The Ballad of Songbirds and Snakes (Suzanne Collins).epub,https://drive.google.com/open?id=1xVpRwDhPs-E8wHB8tH_nkPg62jfTuBqu,Stephanie Garber,https://z-library.sk/book/28097740/1fbbf7/the-ballad-of-never-after.html,https://s3proxy.cdn-zlib.sk/covers100/collections/userbooks/f6de69175b13ee34ac0db306694c39f560324e88f17e01bc1a0326b2842290d2.jpg,https://res.cloudinary.com/duwgvawwz/image/upload/v1752845608/book_covers/The_Ballad_Of_Never_After.jpg,2025-07-19T10:19:43,pending,pdf,,3.17 MB,28097740,indonesian,Mizan Fantasi,keyword,The Ballad Of Never After,2025-07-21T00:53:03,2022
"Solo, Aku Jatuh Cinta (Nedy Virgiantini).pdf",https://drive.google.com/open?id=1UU2FxTbWnnTxLDfycIT5EMS5Ji6k5KAA,Netty Virgiantini,https://z-library.sk/book/5760414/b53774/solo-aku-jatuh-cinta.html,https://s3proxy.cdn-zlib.sk/covers100/collections/userbooks/205b6e541091c92777051f91b5e8883f73a202cd6e1086f77a0187086c52f84d.png,https://res.cloudinary.com/duwgvawwz/image/upload/v1752847092/book_covers/Solo_Aku_Jatuh_Cinta.jpg,2025-07-19T10:19:43,pending,pdf,,43.33 MB,5760414,indonesian,PT. Bhuana Ilmu Populer,keyword,"Solo, Aku Jatuh Cinta!",2025-07-21T00:53:03,2019
The Ocean at The End of The Lane - Samudra di Ujung Jalan (Neil Gaiman).pdf,https://drive.google.com/open?id=1GjxIB_Gt_bmDmL_F6BX6YeXugMBdozkF,Neil Gaiman,https://z-library.sk/book/21406939/f723e0/the-ocean-at-the-end-of-the-lane-samudra-di-ujung-jalan.html,https://s3proxy.cdn-zlib.sk/covers100/collections/userbooks/65581b6ef3721e926d3101cac887a15c598e72fedd7a0d7003ee0ee17eafe5c7.jpg,https://res.cloudinary.com/duwgvawwz/image/upload/v1752840650/book_covers/The_Ocean_at_The_End_of_The_Lane__Samudra_di_Ujung_Jalan.jpg,2025-07-19T10:19:43,in_progress,pdf,,1.23 MB,21406939,indonesian,Gramedia Pustaka Utama,keyword,The Ocean at The End of The Lane - Samudra di Ujung Jalan,2025-07-20T18:00:41,2013
The 5 Essential Principles of Think and Grow Rich (Napoleon Hill).pdf,https://drive.google.com/open?id=17_A_gLeJsHRViicfnFNxfK5Crdp72y2f,Dale Carnegie Training,https://z-library.sk/book/26425164/3f8edc/the-5-essential-people-skills.html,https://s3proxy.cdn-zlib.sk/covers100/collections/userbooks/416b07b16d964df305254c4ddbbb7769e2b008d7e084b4af06914375c5a38376.jpg,https://res.cloudinary.com/duwgvawwz/image/upload/v1752839358/book_covers/The_5_Essential_People_Skills.jpg,2025-07-19T10:19:43,pending,pdf,,3.58 MB,26425164,indonesian,Gramedia pustaka utama,keyword,The 5 Essential People Skills,2025-07-21T00:53:03,2019
Unboxing Surat Cinta-Nya Al Kautsar (Yovie Kyu).pdf,https://drive.google.com/open?id=1xZIzOAFH6oQfjCcSE92bUKvlHEbVlfcx,Yovie Kyu,https://z-library.sk/book/18333428/da972c/unboxing-surat-cintanya-al-kautsar.html,https://s3proxy.cdn-zlib.sk/covers100/collections/userbooks/522d063421c2662d33f622401a4d0b5effb0b92528fc6901031d5228358d4279.jpg,https://res.cloudinary.com/duwgvawwz/image/upload/v1752848487/book_covers/Unboxing_Surat_CintaNya_Al_Kautsar.jpg,2025-07-19T10:19:43,in_progress,pdf,,3.45 MB,18333428,indonesian,Kyu Digital Books,keyword,Unboxing Surat Cinta-Nya: Al Kautsar,2025-07-20T18:00:40,2019
"Warna Warni Kehidupan Kumpulan Cerita Pendek tentang Cinta, Persahabatan, dan Sekelumit.pdf",https://drive.google.com/open?id=1DQrlbe3VqPPTJUPUQ9f4yR2qAa0Wf1zA,Komunitas Pena Santri,https://z-library.sk/book/18173307/53891e/warna-warni-kehidupan-kumpulan-cerita-pendek-tentang-cinta-persahabatan-dan-sekelumit-kisah-inspi.html,https://s3proxy.cdn-zlib.sk/covers100/collections/userbooks/91548d4d2de849073e11b27e5445f03dad1cab31af139c776d599fa9f4536c26.jpg,https://res.cloudinary.com/duwgvawwz/image/upload/v1752848036/book_covers/Warna_Warni_Kehidupan_Kumpulan_Cerita_Pendek_tentang_Cinta_Persahabatan_dan_Sekelumit_Kisah_Inspirat.jpg,2025-07-19T10:19:43,in_progress,pdf,,1.46 MB,18173307,indonesian,Arfan Publisher,keyword,"Warna Warni Kehidupan: Kumpulan Cerita Pendek tentang Cinta, Persahabatan, dan Sekelumit Kisah Inspiratif",2025-07-20T18:00:40,2020
"{SB} Cinta yang Tak Biasa (Natta reza, Wardah Maulina [Natta reza etc.).pdf",https://drive.google.com/open?id=10FCLBBWBXCISTndzDC6DszQsJArB6fAn,Natta reza; Wardah Maulina [Natta reza; Wardah Maulina],https://z-library.sk/book/16390480/2e99a6/sb-cinta-yang-tak-biasa.html,https://s3proxy.cdn-zlib.sk/covers100/collections/userbooks/6925345b3d21f9fdf46432d53f949a1c47ed49533bb2bcee95fcaa37d8118bba.jpg,https://res.cloudinary.com/duwgvawwz/image/upload/v1752847238/book_covers/SB_Cinta_yang_Tak_Biasa.jpg,2025-07-19T10:19:43,in_progress,pdf,,5.48 MB,16390480,indonesian,,keyword,{SB} Cinta yang Tak Biasa,2025-07-20T18:00:39,0
Who Moved My Cheese An Amazing Way to Deal With Change in Your Work and in Your Life (Johnson Spencer Blanchard Kenneth).epub,https://drive.google.com/open?id=1sre3uBF0Ucn1hdQPUgtqGvwa-aPArSYn,Spencer Johnson,https://z-library.sk/book/11001824/cb78ae/who-moved-my-cheese.html,https://s3proxy.cdn-zlib.sk/covers100/collections/userbooks/301ec22cff777907a804f1b5c443639a31a42cfbea875b4838956d7aa7eb6a52.jpg,https://res.cloudinary.com/duwgvawwz/image/upload/v1752839188/book_covers/Who_Moved_My_Cheese.jpg,2025-07-19T10:19:43,in_progress,pdf,,12.83 MB,11001824,indonesian,Gramedia Pustaka Utama,keyword,Who Moved My Cheese?,2025-07-20T17:57:02,2014
Napak Tilas Merah Jambu Sebuah Kisah Cinta yang Hilang di Gunung Tambora (An. Fauziah).pdf,https://drive.google.com/open?id=1Jwn6OEXDgnGCIwa-dR6D_LbEte1GTkCw,An. Fauziah,https://z-library.sk/book/12001459/6ccdc6/napak-tilas-merah-jambu-sebuah-kisah-cinta-yang-hilang-di-gunung-tambora.html,https://s3proxy.cdn-zlib.sk/covers100/collections/userbooks/dc9a8a9a38eb75201dc463a8f6fd2cd4d62ccd2e0e3a83d47a7757b9704925f3.jpg,https://res.cloudinary.com/duwgvawwz/image/upload/v1752848715/book_covers/Napak_Tilas_Merah_Jambu_Sebuah_Kisah_Cinta_yang_Hilang_di_Gunung_Tambora.jpg,2025-07-19T10:19:43,in_progress,pdf,,12.65 MB,12001459,indonesian,Nas Media Indonesia,keyword,Napak Tilas Merah Jambu: Sebuah Kisah Cinta yang Hilang di Gunung Tambora,2025-07-20T18:00:39,2018
